~IGNORE~,NA,NA,NA,NA,NA,NA
NA,NA,NA,NA,NA,~IGNORE~,NA
~HEADER~,~HEADER~,~HEADER~,~HEADER~,~HEADER~,~HEADER~,~HEADER~
~DATA~,~DATA~,~DATA~,~DATA~,~DATA~,~DATA~,~DATA~
~DATA~,~DATA~,~DATA~,~DATA~,~DATA~,~DATA~,~DATA~
~DATA~,~DATA~,~DATA~,~DATA~,~DATA~,~DATA~,~DATA~
~DATA~,~DATA~,~DATA~,~DATA~,~DATA~,~DATA~,~DATA~
~DATA~,~DATA~,~DATA~,~DATA~,~DATA~,~DATA~,~DATA~
~DATA~,~DATA~,~DATA~,~DATA~,~DATA~,~DATA~,~DATA~
~DATA~,~DATA~,~DATA~,~DATA~,~DATA~,~DATA~,~DATA~
~DATA~,~DATA~,~DATA~,~DATA~,~DATA~,~DATA~,~DATA~
~DATA~,~DATA~,~DATA~,~DATA~,~DATA~,~DATA~,~DATA~
~DATA~,~DATA~,~DATA~,~DATA~,~DATA~,~DATA~,~DATA~
~DATA~,~DATA~,~DATA~,~DATA~,~DATA~,~DATA~,~DATA~
~DATA~,~DATA~,~DATA~,~DATA~,~DATA~,~DATA~,~DATA~
~DATA~,~DATA~,~DATA~,~DATA~,~DATA~,~DATA~,~DATA~
~DATA~,~DATA~,~DATA~,~DATA~,~DATA~,~DATA~,~DATA~
~DATA~,~DATA~,~DATA~,~DATA~,~DATA~,~DATA~,~DATA~
~DATA~,~DATA~,~DATA~,~DATA~,~DATA~,~DATA~,~DATA~
~DATA~,~DATA~,~DATA~,~DATA~,~DATA~,~DATA~,~DATA~
~DATA~,~DATA~,~DATA~,~DATA~,~DATA~,~DATA~,~DATA~
~DATA~,~DATA~,~DATA~,~DATA~,~DATA~,~DATA~,~DATA~
~DATA~,~DATA~,~DATA~,~DATA~,~DATA~,~DATA~,~DATA~
~DATA~,~DATA~,~DATA~,~DATA~,~DATA~,~DATA~,~DATA~
~DATA~,~DATA~,~DATA~,~DATA~,~DATA~,~DATA~,~DATA~
~DATA~,~DATA~,~DATA~,~DATA~,~DATA~,~DATA~,~DATA~
~DATA~,~DATA~,~DATA~,~DATA~,~DATA~,~DATA~,~DATA~
~DATA~,~DATA~,~DATA~,~DATA~,~DATA~,~DATA~,~DATA~
~DATA~,~DATA~,~DATA~,~DATA~,~DATA~,~DATA~,~DATA~
~DATA~,~DATA~,~DATA~,~DATA~,~DATA~,~DATA~,~DATA~
~DATA~,~DATA~,~DATA~,~DATA~,~DATA~,~DATA~,~DATA~
~DATA~,~DATA~,~DATA~,~DATA~,~DATA~,~DATA~,~DATA~
~DATA~,~DATA~,~DATA~,~DATA~,~DATA~,~DATA~,~DATA~
~DATA~,~DATA~,~DATA~,~DATA~,~DATA~,~DATA~,~DATA~
~DATA~,~DATA~,~DATA~,~DATA~,~DATA~,~DATA~,~DATA~
~DATA~,~DATA~,~DATA~,~DATA~,~DATA~,~DATA~,~DATA~
~DATA~,~DATA~,~DATA~,~DATA~,~DATA~,~DATA~,~DATA~
~DATA~,~DATA~,~DATA~,~DATA~,~DATA~,~DATA~,~DATA~
~DATA~,~DATA~,~DATA~,~DATA~,~DATA~,~DATA~,~DATA~
~DATA~,~DATA~,~DATA~,~DATA~,~DATA~,~DATA~,~DATA~
~DATA~,~DATA~,~DATA~,~DATA~,~DATA~,~DATA~,~DATA~
~DATA~,~DATA~,~DATA~,~DATA~,~DATA~,~DATA~,~DATA~
~DATA~,~DATA~,~DATA~,~DATA~,~DATA~,~DATA~,~DATA~
~DATA~,~DATA~,~DATA~,~DATA~,~DATA~,~DATA~,~DATA~
~DATA~,~DATA~,~DATA~,~DATA~,~DATA~,~DATA~,~DATA~
~DATA~,~DATA~,~DATA~,~DATA~,~DATA~,~DATA~,~DATA~
~DATA~,~DATA~,~DATA~,~DATA~,~DATA~,~DATA~,~DATA~
~DATA~,~DATA~,~DATA~,~DATA~,~DATA~,~DATA~,~DATA~
~DATA~,~DATA~,~DATA~,~DATA~,~DATA~,~DATA~,~DATA~
~DATA~,~DATA~,~DATA~,~DATA~,~DATA~,~DATA~,~DATA~
~DATA~,~DATA~,~DATA~,~DATA~,~DATA~,~DATA~,~DATA~
~DATA~,~DATA~,~DATA~,~DATA~,~DATA~,~DATA~,~DATA~
~DATA~,~DATA~,~DATA~,~DATA~,~DATA~,~DATA~,~DATA~
~DATA~,~DATA~,~DATA~,~DATA~,~DATA~,~DATA~,~DATA~
~DATA~,~DATA~,~DATA~,~DATA~,~DATA~,~DATA~,~DATA~
~DATA~,~DATA~,~DATA~,~DATA~,~DATA~,~DATA~,~DATA~
~DATA~,~DATA~,~DATA~,~DATA~,~DATA~,~DATA~,~DATA~
~DATA~,~DATA~,~DATA~,~DATA~,~DATA~,~DATA~,~DATA~
~DATA~,~DATA~,~DATA~,~DATA~,~DATA~,~DATA~,~DATA~
~DATA~,~DATA~,~DATA~,~DATA~,~DATA~,~DATA~,~DATA~
~DATA~,~DATA~,~DATA~,~DATA~,~DATA~,~DATA~,~DATA~
~DATA~,~DATA~,~DATA~,~DATA~,~DATA~,~DATA~,~DATA~
~DATA~,~DATA~,~DATA~,~DATA~,~DATA~,~DATA~,~DATA~
~DATA~,~DATA~,~DATA~,~DATA~,~DATA~,~DATA~,~DATA~
~DATA~,~DATA~,~DATA~,~DATA~,~DATA~,~DATA~,~DATA~
~DATA~,~DATA~,~DATA~,~DATA~,~DATA~,~DATA~,~DATA~
~DATA~,~DATA~,~DATA~,~DATA~,~DATA~,~DATA~,~DATA~
~DATA~,~DATA~,~DATA~,~DATA~,~DATA~,~DATA~,~DATA~
~DATA~,~DATA~,~DATA~,~DATA~,~DATA~,~DATA~,~DATA~
~DATA~,~DATA~,~DATA~,~DATA~,~DATA~,~DATA~,~DATA~
~DATA~,~DATA~,~DATA~,~DATA~,~DATA~,~DATA~,~DATA~
~DATA~,~DATA~,~DATA~,~DATA~,~DATA~,~DATA~,~DATA~
~DATA~,~DATA~,~DATA~,~DATA~,~DATA~,~DATA~,~DATA~
~DATA~,~DATA~,~DATA~,~DATA~,~DATA~,~DATA~,~DATA~
~DATA~,~DATA~,~DATA~,~DATA~,~DATA~,~DATA~,~DATA~
~DATA~,~DATA~,~DATA~,~DATA~,~DATA~,~DATA~,~DATA~
~DATA~,~DATA~,~DATA~,~DATA~,~DATA~,~DATA~,~DATA~
~DATA~,~DATA~,~DATA~,~DATA~,~DATA~,~DATA~,~DATA~
~DATA~,~DATA~,~DATA~,~DATA~,~DATA~,~DATA~,~DATA~
~DATA~,~DATA~,~DATA~,~DATA~,~DATA~,~DATA~,~DATA~
~DATA~,~DATA~,~DATA~,~DATA~,~DATA~,~DATA~,~DATA~
~DATA~,~DATA~,~DATA~,~DATA~,~DATA~,~DATA~,~DATA~
~DATA~,~DATA~,~DATA~,~DATA~,~DATA~,~DATA~,~DATA~
~DATA~,~DATA~,~DATA~,~DATA~,~DATA~,~DATA~,~DATA~
~DATA~,~DATA~,~DATA~,~DATA~,~DATA~,~DATA~,~DATA~
~DATA~,~DATA~,~DATA~,~DATA~,~DATA~,~DATA~,~DATA~
~DATA~,~DATA~,~DATA~,~DATA~,~DATA~,~DATA~,~DATA~
~DATA~,~DATA~,~DATA~,~DATA~,~DATA~,~DATA~,~DATA~
~DATA~,~DATA~,~DATA~,~DATA~,~DATA~,~DATA~,~DATA~
~DATA~,~DATA~,~DATA~,~DATA~,~DATA~,~DATA~,~DATA~
~DATA~,~DATA~,~DATA~,~DATA~,~DATA~,~DATA~,~DATA~
~DATA~,~DATA~,~DATA~,~DATA~,~DATA~,~DATA~,~DATA~
~DATA~,~DATA~,~DATA~,~DATA~,~DATA~,~DATA~,~DATA~
~DATA~,~DATA~,~DATA~,~DATA~,~DATA~,~DATA~,~DATA~
~DATA~,~DATA~,~DATA~,~DATA~,~DATA~,~DATA~,~DATA~
~DATA~,~DATA~,~DATA~,~DATA~,~DATA~,~DATA~,~DATA~
~DATA~,~DATA~,~DATA~,~DATA~,~DATA~,~DATA~,~DATA~
~DATA~,~DATA~,~DATA~,~DATA~,~DATA~,~DATA~,~DATA~
~DATA~,~DATA~,~DATA~,~DATA~,~DATA~,~DATA~,~DATA~
~DATA~,~DATA~,~DATA~,~DATA~,~DATA~,~DATA~,~DATA~
~DATA~,~DATA~,~DATA~,~DATA~,~DATA~,~DATA~,~DATA~
~DATA~,~DATA~,~DATA~,~DATA~,~DATA~,~DATA~,~DATA~
~DATA~,~DATA~,~DATA~,~DATA~,~DATA~,~DATA~,~DATA~
~DATA~,~DATA~,~DATA~,~DATA~,~DATA~,~DATA~,~DATA~
~DATA~,~DATA~,~DATA~,~DATA~,~DATA~,~DATA~,~DATA~
~DATA~,~DATA~,~DATA~,~DATA~,~DATA~,~DATA~,~DATA~
~DATA~,~DATA~,~DATA~,~DATA~,~DATA~,~DATA~,~DATA~
~DATA~,~DATA~,~DATA~,~DATA~,~DATA~,~DATA~,~DATA~
~DATA~,~DATA~,~DATA~,~DATA~,~DATA~,~DATA~,~DATA~
~DATA~,~DATA~,~DATA~,~DATA~,~DATA~,~DATA~,~DATA~
~DATA~,~DATA~,~DATA~,~DATA~,~DATA~,~DATA~,~DATA~
~DATA~,~DATA~,~DATA~,~DATA~,~DATA~,~DATA~,~DATA~
~DATA~,~DATA~,~DATA~,~DATA~,~DATA~,~DATA~,~DATA~
~DATA~,~DATA~,~DATA~,~DATA~,~DATA~,~DATA~,~DATA~
~DATA~,~DATA~,~DATA~,~DATA~,~DATA~,~DATA~,~DATA~
~DATA~,~DATA~,~DATA~,~DATA~,~DATA~,~DATA~,~DATA~
~DATA~,~DATA~,~DATA~,~DATA~,~DATA~,~DATA~,~DATA~
~DATA~,~DATA~,~DATA~,~DATA~,~DATA~,~DATA~,~DATA~
~DATA~,~DATA~,~DATA~,~DATA~,~DATA~,~DATA~,~DATA~
~DATA~,~DATA~,~DATA~,~DATA~,~DATA~,~DATA~,~DATA~
~DATA~,~DATA~,~DATA~,~DATA~,~DATA~,~DATA~,~DATA~
~DATA~,~DATA~,~DATA~,~DATA~,~DATA~,~DATA~,~DATA~
~DATA~,~DATA~,~DATA~,~DATA~,~DATA~,~DATA~,~DATA~
~DATA~,~DATA~,~DATA~,~DATA~,~DATA~,~DATA~,~DATA~
~DATA~,~DATA~,~DATA~,~DATA~,~DATA~,~DATA~,~DATA~
~DATA~,~DATA~,~DATA~,~DATA~,~DATA~,~DATA~,~DATA~
~DATA~,~DATA~,~DATA~,~DATA~,~DATA~,~DATA~,~DATA~
~DATA~,~DATA~,~DATA~,~DATA~,~DATA~,~DATA~,~DATA~
~DATA~,~DATA~,~DATA~,~DATA~,~DATA~,~DATA~,~DATA~
~DATA~,~DATA~,~DATA~,~DATA~,~DATA~,~DATA~,~DATA~
~DATA~,~DATA~,~DATA~,~DATA~,~DATA~,~DATA~,~DATA~
~DATA~,~DATA~,~DATA~,~DATA~,~DATA~,~DATA~,~DATA~
~DATA~,~DATA~,~DATA~,~DATA~,~DATA~,~DATA~,~DATA~
~DATA~,~DATA~,~DATA~,~DATA~,~DATA~,~DATA~,~DATA~
~DATA~,~DATA~,~DATA~,~DATA~,~DATA~,~DATA~,~DATA~
~DATA~,~DATA~,~DATA~,~DATA~,~DATA~,~DATA~,~DATA~
~DATA~,~DATA~,~DATA~,~DATA~,~DATA~,~DATA~,~DATA~
~DATA~,~DATA~,~DATA~,~DATA~,~DATA~,~DATA~,~DATA~
~DATA~,~DATA~,~DATA~,~DATA~,~DATA~,~DATA~,~DATA~
~DATA~,~DATA~,~DATA~,~DATA~,~DATA~,~DATA~,~DATA~
~DATA~,~DATA~,~DATA~,~DATA~,~DATA~,~DATA~,~DATA~
~DATA~,~DATA~,~DATA~,~DATA~,~DATA~,~DATA~,~DATA~
~DATA~,~DATA~,~DATA~,~DATA~,~DATA~,~DATA~,~DATA~
~DATA~,~DATA~,~DATA~,~DATA~,~DATA~,~DATA~,~DATA~
~DATA~,~DATA~,~DATA~,~DATA~,~DATA~,~DATA~,~DATA~
~DATA~,~DATA~,~DATA~,~DATA~,~DATA~,~DATA~,~DATA~
~DATA~,~DATA~,~DATA~,~DATA~,~DATA~,~DATA~,~DATA~
~DATA~,~DATA~,~DATA~,~DATA~,~DATA~,~DATA~,~DATA~
~DATA~,~DATA~,~DATA~,~DATA~,~DATA~,~DATA~,~DATA~
~DATA~,~DATA~,~DATA~,~DATA~,~DATA~,~DATA~,~DATA~
~DATA~,~DATA~,~DATA~,~DATA~,~DATA~,~DATA~,~DATA~
~DATA~,~DATA~,~DATA~,~DATA~,~DATA~,~DATA~,~DATA~
~DATA~,~DATA~,~DATA~,~DATA~,~DATA~,~DATA~,~DATA~
~DATA~,~DATA~,~DATA~,~DATA~,~DATA~,~DATA~,~DATA~
~DATA~,~DATA~,~DATA~,~DATA~,~DATA~,~DATA~,~DATA~
~DATA~,~DATA~,~DATA~,~DATA~,~DATA~,~DATA~,~DATA~
~DATA~,~DATA~,~DATA~,~DATA~,~DATA~,~DATA~,~DATA~
~DATA~,~DATA~,~DATA~,~DATA~,~DATA~,~DATA~,~DATA~
~DATA~,~DATA~,~DATA~,~DATA~,~DATA~,~DATA~,~DATA~
~DATA~,~DATA~,~DATA~,~DATA~,~DATA~,~DATA~,~DATA~
~DATA~,~DATA~,~DATA~,~DATA~,~DATA~,~DATA~,~DATA~
~DATA~,~DATA~,~DATA~,~DATA~,~DATA~,~DATA~,~DATA~
~DATA~,~DATA~,~DATA~,~DATA~,~DATA~,~DATA~,~DATA~
~DATA~,~DATA~,~DATA~,~DATA~,~DATA~,~DATA~,~DATA~
~DATA~,~DATA~,~DATA~,~DATA~,~DATA~,~DATA~,~DATA~
~DATA~,~DATA~,~DATA~,~DATA~,~DATA~,~DATA~,~DATA~
~DATA~,~DATA~,~DATA~,~DATA~,~DATA~,~DATA~,~DATA~
~DATA~,~DATA~,~DATA~,~DATA~,~DATA~,~DATA~,~DATA~
~DATA~,~DATA~,~DATA~,~DATA~,~DATA~,~DATA~,~DATA~
~DATA~,~DATA~,~DATA~,~DATA~,~DATA~,~DATA~,~DATA~
~DATA~,~DATA~,~DATA~,~DATA~,~DATA~,~DATA~,~DATA~
~DATA~,~DATA~,~DATA~,~DATA~,~DATA~,~DATA~,~DATA~
~DATA~,~DATA~,~DATA~,~DATA~,~DATA~,~DATA~,~DATA~
~DATA~,~DATA~,~DATA~,~DATA~,~DATA~,~DATA~,~DATA~
~DATA~,~DATA~,~DATA~,~DATA~,~DATA~,~DATA~,~DATA~
~DATA~,~DATA~,~DATA~,~DATA~,~DATA~,~DATA~,~DATA~
~DATA~,~DATA~,~DATA~,~DATA~,~DATA~,~DATA~,~DATA~
~DATA~,~DATA~,~DATA~,~DATA~,~DATA~,~DATA~,~DATA~
~DATA~,~DATA~,~DATA~,~DATA~,~DATA~,~DATA~,~DATA~
~DATA~,~DATA~,~DATA~,~DATA~,~DATA~,~DATA~,~DATA~
~DATA~,~DATA~,~DATA~,~DATA~,~DATA~,~DATA~,~DATA~
~DATA~,~DATA~,~DATA~,~DATA~,~DATA~,~DATA~,~DATA~
~DATA~,~DATA~,~DATA~,~DATA~,~DATA~,~DATA~,~DATA~
~DATA~,~DATA~,~DATA~,~DATA~,~DATA~,~DATA~,~DATA~
~DATA~,~DATA~,~DATA~,~DATA~,~DATA~,~DATA~,~DATA~
~DATA~,~DATA~,~DATA~,~DATA~,~DATA~,~DATA~,~DATA~
~DATA~,~DATA~,~DATA~,~DATA~,~DATA~,~DATA~,~DATA~
~DATA~,~DATA~,~DATA~,~DATA~,~DATA~,~DATA~,~DATA~
~DATA~,~DATA~,~DATA~,~DATA~,~DATA~,~DATA~,~DATA~
~DATA~,~DATA~,~DATA~,~DATA~,~DATA~,~DATA~,~DATA~
~DATA~,~DATA~,~DATA~,~DATA~,~DATA~,~DATA~,~DATA~
~DATA~,~DATA~,~DATA~,~DATA~,~DATA~,~DATA~,~DATA~
~DATA~,~DATA~,~DATA~,~DATA~,~DATA~,~DATA~,~DATA~
~DATA~,~DATA~,~DATA~,~DATA~,~DATA~,~DATA~,~DATA~
~DATA~,~DATA~,~DATA~,~DATA~,~DATA~,~DATA~,~DATA~
~DATA~,~DATA~,~DATA~,~DATA~,~DATA~,~DATA~,~DATA~
~DATA~,~DATA~,~DATA~,~DATA~,~DATA~,~DATA~,~DATA~
~DATA~,~DATA~,~DATA~,~DATA~,~DATA~,~DATA~,~DATA~
~DATA~,~DATA~,~DATA~,~DATA~,~DATA~,~DATA~,~DATA~
~DATA~,~DATA~,~DATA~,~DATA~,~DATA~,~DATA~,~DATA~
~DATA~,~DATA~,~DATA~,~DATA~,~DATA~,~DATA~,~DATA~
~DATA~,~DATA~,~DATA~,~DATA~,~DATA~,~DATA~,~DATA~
~DATA~,~DATA~,~DATA~,~DATA~,~DATA~,~DATA~,~DATA~
~DATA~,~DATA~,~DATA~,~DATA~,~DATA~,~DATA~,~DATA~
~DATA~,~DATA~,~DATA~,~DATA~,~DATA~,~DATA~,~DATA~
~DATA~,~DATA~,~DATA~,~DATA~,~DATA~,~DATA~,~DATA~
~DATA~,~DATA~,~DATA~,~DATA~,~DATA~,~DATA~,~DATA~
~DATA~,~DATA~,~DATA~,~DATA~,~DATA~,~DATA~,~DATA~
~DATA~,~DATA~,~DATA~,~DATA~,~DATA~,~DATA~,~DATA~
~DATA~,~DATA~,~DATA~,~DATA~,~DATA~,~DATA~,~DATA~
~DATA~,~DATA~,~DATA~,~DATA~,~DATA~,~DATA~,~DATA~
~DATA~,~DATA~,~DATA~,~DATA~,~DATA~,~DATA~,~DATA~
~DATA~,~DATA~,~DATA~,~DATA~,~DATA~,~DATA~,~DATA~
~DATA~,~DATA~,~DATA~,~DATA~,~DATA~,~DATA~,~DATA~
~DATA~,~DATA~,~DATA~,~DATA~,~DATA~,~DATA~,~DATA~
~DATA~,~DATA~,~DATA~,~DATA~,~DATA~,~DATA~,~DATA~
~DATA~,~DATA~,~DATA~,~DATA~,~DATA~,~DATA~,~DATA~
~DATA~,~DATA~,~DATA~,~DATA~,~DATA~,~DATA~,~DATA~
~DATA~,~DATA~,~DATA~,~DATA~,~DATA~,~DATA~,~DATA~
~DATA~,~DATA~,~DATA~,~DATA~,~DATA~,~DATA~,~DATA~
~DATA~,~DATA~,~DATA~,~DATA~,~DATA~,~DATA~,~DATA~
~DATA~,~DATA~,~DATA~,~DATA~,~DATA~,~DATA~,~DATA~
~DATA~,~DATA~,~DATA~,~DATA~,~DATA~,~DATA~,~DATA~
~DATA~,~DATA~,~DATA~,~DATA~,~DATA~,~DATA~,~DATA~
~DATA~,~DATA~,~DATA~,~DATA~,~DATA~,~DATA~,~DATA~
~DATA~,~DATA~,~DATA~,~DATA~,~DATA~,~DATA~,~DATA~
~DATA~,~DATA~,~DATA~,~DATA~,~DATA~,~DATA~,~DATA~
~DATA~,~DATA~,~DATA~,~DATA~,~DATA~,~DATA~,~DATA~
~DATA~,~DATA~,~DATA~,~DATA~,~DATA~,~DATA~,~DATA~
~DATA~,~DATA~,~DATA~,~DATA~,~DATA~,~DATA~,~DATA~
~DATA~,~DATA~,~DATA~,~DATA~,~DATA~,~DATA~,~DATA~
~DATA~,~DATA~,~DATA~,~DATA~,~DATA~,~DATA~,~DATA~
~DATA~,~DATA~,~DATA~,~DATA~,~DATA~,~DATA~,~DATA~
~DATA~,~DATA~,~DATA~,~DATA~,~DATA~,~DATA~,~DATA~
~DATA~,~DATA~,~DATA~,~DATA~,~DATA~,~DATA~,~DATA~
~DATA~,~DATA~,~DATA~,~DATA~,~DATA~,~DATA~,~DATA~
~DATA~,~DATA~,~DATA~,~DATA~,~DATA~,~DATA~,~DATA~
~DATA~,~DATA~,~DATA~,~DATA~,~DATA~,~DATA~,~DATA~
~DATA~,~DATA~,~DATA~,~DATA~,~DATA~,~DATA~,~DATA~
~DATA~,~DATA~,~DATA~,~DATA~,~DATA~,~DATA~,~DATA~
~DATA~,~DATA~,~DATA~,~DATA~,~DATA~,~DATA~,~DATA~
~DATA~,~DATA~,~DATA~,~DATA~,~DATA~,~DATA~,~DATA~
~DATA~,~DATA~,~DATA~,~DATA~,~DATA~,~DATA~,~DATA~
~DATA~,~DATA~,~DATA~,~DATA~,~DATA~,~DATA~,~DATA~
~DATA~,~DATA~,~DATA~,~DATA~,~DATA~,~DATA~,~DATA~
~DATA~,~DATA~,~DATA~,~DATA~,~DATA~,~DATA~,~DATA~
~DATA~,~DATA~,~DATA~,~DATA~,~DATA~,~DATA~,~DATA~
~DATA~,~DATA~,~DATA~,~DATA~,~DATA~,~DATA~,~DATA~
~DATA~,~DATA~,~DATA~,~DATA~,~DATA~,~DATA~,~DATA~
~DATA~,~DATA~,~DATA~,~DATA~,~DATA~,~DATA~,~DATA~
~DATA~,~DATA~,~DATA~,~DATA~,~DATA~,~DATA~,~DATA~
~DATA~,~DATA~,~DATA~,~DATA~,~DATA~,~DATA~,~DATA~
~DATA~,~DATA~,~DATA~,~DATA~,~DATA~,~DATA~,~DATA~
~DATA~,~DATA~,~DATA~,~DATA~,~DATA~,~DATA~,~DATA~
~DATA~,~DATA~,~DATA~,~DATA~,~DATA~,~DATA~,~DATA~
~DATA~,~DATA~,~DATA~,~DATA~,~DATA~,~DATA~,~DATA~
~DATA~,~DATA~,~DATA~,~DATA~,~DATA~,~DATA~,~DATA~
~DATA~,~DATA~,~DATA~,~DATA~,~DATA~,~DATA~,~DATA~
~DATA~,~DATA~,~DATA~,~DATA~,~DATA~,~DATA~,~DATA~
~DATA~,~DATA~,~DATA~,~DATA~,~DATA~,~DATA~,~DATA~
~DATA~,~DATA~,~DATA~,~DATA~,~DATA~,~DATA~,~DATA~
~DATA~,~DATA~,~DATA~,~DATA~,~DATA~,~DATA~,~DATA~
~DATA~,~DATA~,~DATA~,~DATA~,~DATA~,~DATA~,~DATA~
~DATA~,~DATA~,~DATA~,~DATA~,~DATA~,~DATA~,~DATA~
~DATA~,~DATA~,~DATA~,~DATA~,~DATA~,~DATA~,~DATA~
~DATA~,~DATA~,~DATA~,~DATA~,~DATA~,~DATA~,~DATA~
~DATA~,~DATA~,~DATA~,~DATA~,~DATA~,~DATA~,~DATA~
~DATA~,~DATA~,~DATA~,~DATA~,~DATA~,~DATA~,~DATA~
~DATA~,~DATA~,~DATA~,~DATA~,~DATA~,~DATA~,~DATA~
~DATA~,~DATA~,~DATA~,~DATA~,~DATA~,~DATA~,~DATA~
~DATA~,~DATA~,~DATA~,~DATA~,~DATA~,~DATA~,~DATA~
~DATA~,~DATA~,~DATA~,~DATA~,~DATA~,~DATA~,~DATA~
~DATA~,~DATA~,~DATA~,~DATA~,~DATA~,~DATA~,~DATA~
~DATA~,~DATA~,~DATA~,~DATA~,~DATA~,~DATA~,~DATA~
~DATA~,~DATA~,~DATA~,~DATA~,~DATA~,~DATA~,~DATA~
~DATA~,~DATA~,~DATA~,~DATA~,~DATA~,~DATA~,~DATA~
~DATA~,~DATA~,~DATA~,~DATA~,~DATA~,~DATA~,~DATA~
~DATA~,~DATA~,~DATA~,~DATA~,~DATA~,~DATA~,~DATA~
~DATA~,~DATA~,~DATA~,~DATA~,~DATA~,~DATA~,~DATA~
~DATA~,~DATA~,~DATA~,~DATA~,~DATA~,~DATA~,~DATA~
~DATA~,~DATA~,~DATA~,~DATA~,~DATA~,~DATA~,~DATA~
~DATA~,~DATA~,~DATA~,~DATA~,~DATA~,~DATA~,~DATA~
~DATA~,~DATA~,~DATA~,~DATA~,~DATA~,~DATA~,~DATA~
~DATA~,~DATA~,~DATA~,~DATA~,~DATA~,~DATA~,~DATA~
~DATA~,~DATA~,~DATA~,~DATA~,~DATA~,~DATA~,~DATA~
~DATA~,~DATA~,~DATA~,~DATA~,~DATA~,~DATA~,~DATA~
~DATA~,~DATA~,~DATA~,~DATA~,~DATA~,~DATA~,~DATA~
~DATA~,~DATA~,~DATA~,~DATA~,~DATA~,~DATA~,~DATA~
~DATA~,~DATA~,~DATA~,~DATA~,~DATA~,~DATA~,~DATA~
~DATA~,~DATA~,~DATA~,~DATA~,~DATA~,~DATA~,~DATA~
~DATA~,~DATA~,~DATA~,~DATA~,~DATA~,~DATA~,~DATA~
~DATA~,~DATA~,~DATA~,~DATA~,~DATA~,~DATA~,~DATA~
~DATA~,~DATA~,~DATA~,~DATA~,~DATA~,~DATA~,~DATA~
~DATA~,~DATA~,~DATA~,~DATA~,~DATA~,~DATA~,~DATA~
~DATA~,~DATA~,~DATA~,~DATA~,~DATA~,~DATA~,~DATA~
~DATA~,~DATA~,~DATA~,~DATA~,~DATA~,~DATA~,~DATA~
~DATA~,~DATA~,~DATA~,~DATA~,~DATA~,~DATA~,~DATA~
~DATA~,~DATA~,~DATA~,~DATA~,~DATA~,~DATA~,~DATA~
~DATA~,~DATA~,~DATA~,~DATA~,~DATA~,~DATA~,~DATA~
~DATA~,~DATA~,~DATA~,~DATA~,~DATA~,~DATA~,~DATA~
~DATA~,~DATA~,~DATA~,~DATA~,~DATA~,~DATA~,~DATA~
~DATA~,~DATA~,~DATA~,~DATA~,~DATA~,~DATA~,~DATA~
~DATA~,~DATA~,~DATA~,~DATA~,~DATA~,~DATA~,~DATA~
~DATA~,~DATA~,~DATA~,~DATA~,~DATA~,~DATA~,~DATA~
~DATA~,~DATA~,~DATA~,~DATA~,~DATA~,~DATA~,~DATA~
~DATA~,~DATA~,~DATA~,~DATA~,~DATA~,~DATA~,~DATA~
~DATA~,~DATA~,~DATA~,~DATA~,~DATA~,~DATA~,~DATA~
~DATA~,~DATA~,~DATA~,~DATA~,~DATA~,~DATA~,~DATA~
~DATA~,~DATA~,~DATA~,~DATA~,~DATA~,~DATA~,~DATA~
~DATA~,~DATA~,~DATA~,~DATA~,~DATA~,~DATA~,~DATA~
~DATA~,~DATA~,~DATA~,~DATA~,~DATA~,~DATA~,~DATA~
~DATA~,~DATA~,~DATA~,~DATA~,~DATA~,~DATA~,~DATA~
~DATA~,~DATA~,~DATA~,~DATA~,~DATA~,~DATA~,~DATA~
~DATA~,~DATA~,~DATA~,~DATA~,~DATA~,~DATA~,~DATA~
~DATA~,~DATA~,~DATA~,~DATA~,~DATA~,~DATA~,~DATA~
~DATA~,~DATA~,~DATA~,~DATA~,~DATA~,~DATA~,~DATA~
~DATA~,~DATA~,~DATA~,~DATA~,~DATA~,~DATA~,~DATA~
~DATA~,~DATA~,~DATA~,~DATA~,~DATA~,~DATA~,~DATA~
~DATA~,~DATA~,~DATA~,~DATA~,~DATA~,~DATA~,~DATA~
~DATA~,~DATA~,~DATA~,~DATA~,~DATA~,~DATA~,~DATA~
~DATA~,~DATA~,~DATA~,~DATA~,~DATA~,~DATA~,~DATA~
~DATA~,~DATA~,~DATA~,~DATA~,~DATA~,~DATA~,~DATA~
~DATA~,~DATA~,~DATA~,~DATA~,~DATA~,~DATA~,~DATA~
~DATA~,~DATA~,~DATA~,~DATA~,~DATA~,~DATA~,~DATA~
~DATA~,~DATA~,~DATA~,~DATA~,~DATA~,~DATA~,~DATA~
~DATA~,~DATA~,~DATA~,~DATA~,~DATA~,~DATA~,~DATA~
~DATA~,~DATA~,~DATA~,~DATA~,~DATA~,~DATA~,~DATA~
~DATA~,~DATA~,~DATA~,~DATA~,~DATA~,~DATA~,~DATA~
~DATA~,~DATA~,~DATA~,~DATA~,~DATA~,~DATA~,~DATA~
~DATA~,~DATA~,~DATA~,~DATA~,~DATA~,~DATA~,~DATA~
~DATA~,~DATA~,~DATA~,~DATA~,~DATA~,~DATA~,~DATA~
~DATA~,~DATA~,~DATA~,~DATA~,~DATA~,~DATA~,~DATA~
~DATA~,~DATA~,~DATA~,~DATA~,~DATA~,~DATA~,~DATA~
~DATA~,~DATA~,~DATA~,~DATA~,~DATA~,~DATA~,~DATA~
~DATA~,~DATA~,~DATA~,~DATA~,~DATA~,~DATA~,~DATA~
~DATA~,~DATA~,~DATA~,~DATA~,~DATA~,~DATA~,~DATA~
~DATA~,~DATA~,~DATA~,~DATA~,~DATA~,~DATA~,~DATA~
~DATA~,~DATA~,~DATA~,~DATA~,~DATA~,~DATA~,~DATA~
~DATA~,~DATA~,~DATA~,~DATA~,~DATA~,~DATA~,~DATA~
~DATA~,~DATA~,~DATA~,~DATA~,~DATA~,~DATA~,~DATA~
~DATA~,~DATA~,~DATA~,~DATA~,~DATA~,~DATA~,~DATA~
~DATA~,~DATA~,~DATA~,~DATA~,~DATA~,~DATA~,~DATA~
~DATA~,~DATA~,~DATA~,~DATA~,~DATA~,~DATA~,~DATA~
~DATA~,~DATA~,~DATA~,~DATA~,~DATA~,~DATA~,~DATA~
~DATA~,~DATA~,~DATA~,~DATA~,~DATA~,~DATA~,~DATA~
~DATA~,~DATA~,~DATA~,~DATA~,~DATA~,~DATA~,~DATA~
~DATA~,~DATA~,~DATA~,~DATA~,~DATA~,~DATA~,~DATA~
~DATA~,~DATA~,~DATA~,~DATA~,~DATA~,~DATA~,~DATA~
~DATA~,~DATA~,~DATA~,~DATA~,~DATA~,~DATA~,~DATA~
~DATA~,~DATA~,~DATA~,~DATA~,~DATA~,~DATA~,~DATA~
~DATA~,~DATA~,~DATA~,~DATA~,~DATA~,~DATA~,~DATA~
~DATA~,~DATA~,~DATA~,~DATA~,~DATA~,~DATA~,~DATA~
~DATA~,~DATA~,~DATA~,~DATA~,~DATA~,~DATA~,~DATA~
~DATA~,~DATA~,~DATA~,~DATA~,~DATA~,~DATA~,~DATA~
~DATA~,~DATA~,~DATA~,~DATA~,~DATA~,~DATA~,~DATA~
~DATA~,~DATA~,~DATA~,~DATA~,~DATA~,~DATA~,~DATA~
~DATA~,~DATA~,~DATA~,~DATA~,~DATA~,~DATA~,~DATA~
~DATA~,~DATA~,~DATA~,~DATA~,~DATA~,~DATA~,~DATA~
~DATA~,~DATA~,~DATA~,~DATA~,~DATA~,~DATA~,~DATA~
~DATA~,~DATA~,~DATA~,~DATA~,~DATA~,~DATA~,~DATA~
~DATA~,~DATA~,~DATA~,~DATA~,~DATA~,~DATA~,~DATA~
~DATA~,~DATA~,~DATA~,~DATA~,~DATA~,~DATA~,~DATA~
~DATA~,~DATA~,~DATA~,~DATA~,~DATA~,~DATA~,~DATA~
~DATA~,~DATA~,~DATA~,~DATA~,~DATA~,~DATA~,~DATA~
~DATA~,~DATA~,~DATA~,~DATA~,~DATA~,~DATA~,~DATA~
~DATA~,~DATA~,~DATA~,~DATA~,~DATA~,~DATA~,~DATA~
~DATA~,~DATA~,~DATA~,~DATA~,~DATA~,~DATA~,~DATA~
~DATA~,~DATA~,~DATA~,~DATA~,~DATA~,~DATA~,~DATA~
~DATA~,~DATA~,~DATA~,~DATA~,~DATA~,~DATA~,~DATA~
~DATA~,~DATA~,~DATA~,~DATA~,~DATA~,~DATA~,~DATA~
~DATA~,~DATA~,~DATA~,~DATA~,~DATA~,~DATA~,~DATA~
~DATA~,~DATA~,~DATA~,~DATA~,~DATA~,~DATA~,~DATA~
~DATA~,~DATA~,~DATA~,~DATA~,~DATA~,~DATA~,~DATA~
~DATA~,~DATA~,~DATA~,~DATA~,~DATA~,~DATA~,~DATA~
~DATA~,~DATA~,~DATA~,~DATA~,~DATA~,~DATA~,~DATA~
~DATA~,~DATA~,~DATA~,~DATA~,~DATA~,~DATA~,~DATA~
~DATA~,~DATA~,~DATA~,~DATA~,~DATA~,~DATA~,~DATA~
~DATA~,~DATA~,~DATA~,~DATA~,~DATA~,~DATA~,~DATA~
~DATA~,~DATA~,~DATA~,~DATA~,~DATA~,~DATA~,~DATA~
~DATA~,~DATA~,~DATA~,~DATA~,~DATA~,~DATA~,~DATA~
~DATA~,~DATA~,~DATA~,~DATA~,~DATA~,~DATA~,~DATA~
~DATA~,~DATA~,~DATA~,~DATA~,~DATA~,~DATA~,~DATA~
~DATA~,~DATA~,~DATA~,~DATA~,~DATA~,~DATA~,~DATA~
~DATA~,~DATA~,~DATA~,~DATA~,~DATA~,~DATA~,~DATA~
~DATA~,~DATA~,~DATA~,~DATA~,~DATA~,~DATA~,~DATA~
~DATA~,~DATA~,~DATA~,~DATA~,~DATA~,~DATA~,~DATA~
~DATA~,~DATA~,~DATA~,~DATA~,~DATA~,~DATA~,~DATA~
~DATA~,~DATA~,~DATA~,~DATA~,~DATA~,~DATA~,~DATA~
~DATA~,~DATA~,~DATA~,~DATA~,~DATA~,~DATA~,~DATA~
~DATA~,~DATA~,~DATA~,~DATA~,~DATA~,~DATA~,~DATA~
~DATA~,~DATA~,~DATA~,~DATA~,~DATA~,~DATA~,~DATA~
~DATA~,~DATA~,~DATA~,~DATA~,~DATA~,~DATA~,~DATA~
~DATA~,~DATA~,~DATA~,~DATA~,~DATA~,~DATA~,~DATA~
~DATA~,~DATA~,~DATA~,~DATA~,~DATA~,~DATA~,~DATA~
~DATA~,~DATA~,~DATA~,~DATA~,~DATA~,~DATA~,~DATA~
~DATA~,~DATA~,~DATA~,~DATA~,~DATA~,~DATA~,~DATA~
~DATA~,~DATA~,~DATA~,~DATA~,~DATA~,~DATA~,~DATA~
~DATA~,~DATA~,~DATA~,~DATA~,~DATA~,~DATA~,~DATA~
~DATA~,~DATA~,~DATA~,~DATA~,~DATA~,~DATA~,~DATA~
~DATA~,~DATA~,~DATA~,~DATA~,~DATA~,~DATA~,~DATA~
~DATA~,~DATA~,~DATA~,~DATA~,~DATA~,~DATA~,~DATA~
~DATA~,~DATA~,~DATA~,~DATA~,~DATA~,~DATA~,~DATA~
~DATA~,~DATA~,~DATA~,~DATA~,~DATA~,~DATA~,~DATA~
~DATA~,~DATA~,~DATA~,~DATA~,~DATA~,~DATA~,~DATA~
~DATA~,~DATA~,~DATA~,~DATA~,~DATA~,~DATA~,~DATA~
~DATA~,~DATA~,~DATA~,~DATA~,~DATA~,~DATA~,~DATA~
~DATA~,~DATA~,~DATA~,~DATA~,~DATA~,~DATA~,~DATA~
~DATA~,~DATA~,~DATA~,~DATA~,~DATA~,~DATA~,~DATA~
~DATA~,~DATA~,~DATA~,~DATA~,~DATA~,~DATA~,~DATA~
~DATA~,~DATA~,~DATA~,~DATA~,~DATA~,~DATA~,~DATA~
~DATA~,~DATA~,~DATA~,~DATA~,~DATA~,~DATA~,~DATA~
~DATA~,~DATA~,~DATA~,~DATA~,~DATA~,~DATA~,~DATA~
~DATA~,~DATA~,~DATA~,~DATA~,~DATA~,~DATA~,~DATA~
~DATA~,~DATA~,~DATA~,~DATA~,~DATA~,~DATA~,~DATA~
~DATA~,~DATA~,~DATA~,~DATA~,~DATA~,~DATA~,~DATA~
~DATA~,~DATA~,~DATA~,~DATA~,~DATA~,~DATA~,~DATA~
~DATA~,~DATA~,~DATA~,~DATA~,~DATA~,~DATA~,~DATA~
~DATA~,~DATA~,~DATA~,~DATA~,~DATA~,~DATA~,~DATA~
~DATA~,~DATA~,~DATA~,~DATA~,~DATA~,~DATA~,~DATA~
~DATA~,~DATA~,~DATA~,~DATA~,~DATA~,~DATA~,~DATA~
~DATA~,~DATA~,~DATA~,~DATA~,~DATA~,~DATA~,~DATA~
~DATA~,~DATA~,~DATA~,~DATA~,~DATA~,~DATA~,~DATA~
~DATA~,~DATA~,~DATA~,~DATA~,~DATA~,~DATA~,~DATA~
~DATA~,~DATA~,~DATA~,~DATA~,~DATA~,~DATA~,~DATA~
~DATA~,~DATA~,~DATA~,~DATA~,~DATA~,~DATA~,~DATA~
~DATA~,~DATA~,~DATA~,~DATA~,~DATA~,~DATA~,~DATA~
~DATA~,~DATA~,~DATA~,~DATA~,~DATA~,~DATA~,~DATA~
~DATA~,~DATA~,~DATA~,~DATA~,~DATA~,~DATA~,~DATA~
~DATA~,~DATA~,~DATA~,~DATA~,~DATA~,~DATA~,~DATA~
~DATA~,~DATA~,~DATA~,~DATA~,~DATA~,~DATA~,~DATA~
~DATA~,~DATA~,~DATA~,~DATA~,~DATA~,~DATA~,~DATA~
~DATA~,~DATA~,~DATA~,~DATA~,~DATA~,~DATA~,~DATA~
~DATA~,~DATA~,~DATA~,~DATA~,~DATA~,~DATA~,~DATA~
~DATA~,~DATA~,~DATA~,~DATA~,~DATA~,~DATA~,~DATA~
~DATA~,~DATA~,~DATA~,~DATA~,~DATA~,~DATA~,~DATA~
~DATA~,~DATA~,~DATA~,~DATA~,~DATA~,~DATA~,~DATA~
~DATA~,~DATA~,~DATA~,~DATA~,~DATA~,~DATA~,~DATA~
~DATA~,~DATA~,~DATA~,~DATA~,~DATA~,~DATA~,~DATA~
~DATA~,~DATA~,~DATA~,~DATA~,~DATA~,~DATA~,~DATA~
~DATA~,~DATA~,~DATA~,~DATA~,~DATA~,~DATA~,~DATA~
~DATA~,~DATA~,~DATA~,~DATA~,~DATA~,~DATA~,~DATA~
~DATA~,~DATA~,~DATA~,~DATA~,~DATA~,~DATA~,~DATA~
~DATA~,~DATA~,~DATA~,~DATA~,~DATA~,~DATA~,~DATA~
~DATA~,~DATA~,~DATA~,~DATA~,~DATA~,~DATA~,~DATA~
~DATA~,~DATA~,~DATA~,~DATA~,~DATA~,~DATA~,~DATA~
~DATA~,~DATA~,~DATA~,~DATA~,~DATA~,~DATA~,~DATA~
~DATA~,~DATA~,~DATA~,~DATA~,~DATA~,~DATA~,~DATA~
~DATA~,~DATA~,~DATA~,~DATA~,~DATA~,~DATA~,~DATA~
~DATA~,~DATA~,~DATA~,~DATA~,~DATA~,~DATA~,~DATA~
~DATA~,~DATA~,~DATA~,~DATA~,~DATA~,~DATA~,~DATA~
~DATA~,~DATA~,~DATA~,~DATA~,~DATA~,~DATA~,~DATA~
~DATA~,~DATA~,~DATA~,~DATA~,~DATA~,~DATA~,~DATA~
~DATA~,~DATA~,~DATA~,~DATA~,~DATA~,~DATA~,~DATA~
~DATA~,~DATA~,~DATA~,~DATA~,~DATA~,~DATA~,~DATA~
~DATA~,~DATA~,~DATA~,~DATA~,~DATA~,~DATA~,~DATA~
~DATA~,~DATA~,~DATA~,~DATA~,~DATA~,~DATA~,~DATA~
~DATA~,~DATA~,~DATA~,~DATA~,~DATA~,~DATA~,~DATA~
~DATA~,~DATA~,~DATA~,~DATA~,~DATA~,~DATA~,~DATA~
~DATA~,~DATA~,~DATA~,~DATA~,~DATA~,~DATA~,~DATA~
~DATA~,~DATA~,~DATA~,~DATA~,~DATA~,~DATA~,~DATA~
~DATA~,~DATA~,~DATA~,~DATA~,~DATA~,~DATA~,~DATA~
~DATA~,~DATA~,~DATA~,~DATA~,~DATA~,~DATA~,~DATA~
~DATA~,~DATA~,~DATA~,~DATA~,~DATA~,~DATA~,~DATA~
~DATA~,~DATA~,~DATA~,~DATA~,~DATA~,~DATA~,~DATA~
~DATA~,~DATA~,~DATA~,~DATA~,~DATA~,~DATA~,~DATA~
~DATA~,~DATA~,~DATA~,~DATA~,~DATA~,~DATA~,~DATA~
~DATA~,~DATA~,~DATA~,~DATA~,~DATA~,~DATA~,~DATA~
~DATA~,~DATA~,~DATA~,~DATA~,~DATA~,~DATA~,~DATA~
~DATA~,~DATA~,~DATA~,~DATA~,~DATA~,~DATA~,~DATA~
~DATA~,~DATA~,~DATA~,~DATA~,~DATA~,~DATA~,~DATA~
~DATA~,~DATA~,~DATA~,~DATA~,~DATA~,~DATA~,~DATA~
~DATA~,~DATA~,~DATA~,~DATA~,~DATA~,~DATA~,~DATA~
~DATA~,~DATA~,~DATA~,~DATA~,~DATA~,~DATA~,~DATA~
~DATA~,~DATA~,~DATA~,~DATA~,~DATA~,~DATA~,~DATA~
~DATA~,~DATA~,~DATA~,~DATA~,~DATA~,~DATA~,~DATA~
~DATA~,~DATA~,~DATA~,~DATA~,~DATA~,~DATA~,~DATA~
~DATA~,~DATA~,~DATA~,~DATA~,~DATA~,~DATA~,~DATA~
~DATA~,~DATA~,~DATA~,~DATA~,~DATA~,~DATA~,~DATA~
~DATA~,~DATA~,~DATA~,~DATA~,~DATA~,~DATA~,~DATA~
~DATA~,~DATA~,~DATA~,~DATA~,~DATA~,~DATA~,~DATA~
~DATA~,~DATA~,~DATA~,~DATA~,~DATA~,~DATA~,~DATA~
~DATA~,~DATA~,~DATA~,~DATA~,~DATA~,~DATA~,~DATA~
~DATA~,~DATA~,~DATA~,~DATA~,~DATA~,~DATA~,~DATA~
~DATA~,~DATA~,~DATA~,~DATA~,~DATA~,~DATA~,~DATA~
~DATA~,~DATA~,~DATA~,~DATA~,~DATA~,~DATA~,~DATA~
~DATA~,~DATA~,~DATA~,~DATA~,~DATA~,~DATA~,~DATA~
~DATA~,~DATA~,~DATA~,~DATA~,~DATA~,~DATA~,~DATA~
~DATA~,~DATA~,~DATA~,~DATA~,~DATA~,~DATA~,~DATA~
~DATA~,~DATA~,~DATA~,~DATA~,~DATA~,~DATA~,~DATA~
~DATA~,~DATA~,~DATA~,~DATA~,~DATA~,~DATA~,~DATA~
~DATA~,~DATA~,~DATA~,~DATA~,~DATA~,~DATA~,~DATA~
~DATA~,~DATA~,~DATA~,~DATA~,~DATA~,~DATA~,~DATA~
~DATA~,~DATA~,~DATA~,~DATA~,~DATA~,~DATA~,~DATA~
~DATA~,~DATA~,~DATA~,~DATA~,~DATA~,~DATA~,~DATA~
~DATA~,~DATA~,~DATA~,~DATA~,~DATA~,~DATA~,~DATA~
~DATA~,~DATA~,~DATA~,~DATA~,~DATA~,~DATA~,~DATA~
~DATA~,~DATA~,~DATA~,~DATA~,~DATA~,~DATA~,~DATA~
~DATA~,~DATA~,~DATA~,~DATA~,~DATA~,~DATA~,~DATA~
~DATA~,~DATA~,~DATA~,~DATA~,~DATA~,~DATA~,~DATA~
~DATA~,~DATA~,~DATA~,~DATA~,~DATA~,~DATA~,~DATA~
~DATA~,~DATA~,~DATA~,~DATA~,~DATA~,~DATA~,~DATA~
~DATA~,~DATA~,~DATA~,~DATA~,~DATA~,~DATA~,~DATA~
~DATA~,~DATA~,~DATA~,~DATA~,~DATA~,~DATA~,~DATA~
~DATA~,~DATA~,~DATA~,~DATA~,~DATA~,~DATA~,~DATA~
~DATA~,~DATA~,~DATA~,~DATA~,~DATA~,~DATA~,~DATA~
~DATA~,~DATA~,~DATA~,~DATA~,~DATA~,~DATA~,~DATA~
~DATA~,~DATA~,~DATA~,~DATA~,~DATA~,~DATA~,~DATA~
~DATA~,~DATA~,~DATA~,~DATA~,~DATA~,~DATA~,~DATA~
~DATA~,~DATA~,~DATA~,~DATA~,~DATA~,~DATA~,~DATA~
~DATA~,~DATA~,~DATA~,~DATA~,~DATA~,~DATA~,~DATA~
~DATA~,~DATA~,~DATA~,~DATA~,~DATA~,~DATA~,~DATA~
~DATA~,~DATA~,~DATA~,~DATA~,~DATA~,~DATA~,~DATA~
~DATA~,~DATA~,~DATA~,~DATA~,~DATA~,~DATA~,~DATA~
~DATA~,~DATA~,~DATA~,~DATA~,~DATA~,~DATA~,~DATA~
~DATA~,~DATA~,~DATA~,~DATA~,~DATA~,~DATA~,~DATA~
~DATA~,~DATA~,~DATA~,~DATA~,~DATA~,~DATA~,~DATA~
~DATA~,~DATA~,~DATA~,~DATA~,~DATA~,~DATA~,~DATA~
~DATA~,~DATA~,~DATA~,~DATA~,~DATA~,~DATA~,~DATA~
~DATA~,~DATA~,~DATA~,~DATA~,~DATA~,~DATA~,~DATA~
~DATA~,~DATA~,~DATA~,~DATA~,~DATA~,~DATA~,~DATA~
~DATA~,~DATA~,~DATA~,~DATA~,~DATA~,~DATA~,~DATA~
~DATA~,~DATA~,~DATA~,~DATA~,~DATA~,~DATA~,~DATA~
~DATA~,~DATA~,~DATA~,~DATA~,~DATA~,~DATA~,~DATA~
~DATA~,~DATA~,~DATA~,~DATA~,~DATA~,~DATA~,~DATA~
~DATA~,~DATA~,~DATA~,~DATA~,~DATA~,~DATA~,~DATA~
~DATA~,~DATA~,~DATA~,~DATA~,~DATA~,~DATA~,~DATA~
~DATA~,~DATA~,~DATA~,~DATA~,~DATA~,~DATA~,~DATA~
~DATA~,~DATA~,~DATA~,~DATA~,~DATA~,~DATA~,~DATA~
~DATA~,~DATA~,~DATA~,~DATA~,~DATA~,~DATA~,~DATA~
~DATA~,~DATA~,~DATA~,~DATA~,~DATA~,~DATA~,~DATA~
~DATA~,~DATA~,~DATA~,~DATA~,~DATA~,~DATA~,~DATA~
~DATA~,~DATA~,~DATA~,~DATA~,~DATA~,~DATA~,~DATA~
~DATA~,~DATA~,~DATA~,~DATA~,~DATA~,~DATA~,~DATA~
~DATA~,~DATA~,~DATA~,~DATA~,~DATA~,~DATA~,~DATA~
~DATA~,~DATA~,~DATA~,~DATA~,~DATA~,~DATA~,~DATA~
~DATA~,~DATA~,~DATA~,~DATA~,~DATA~,~DATA~,~DATA~
~DATA~,~DATA~,~DATA~,~DATA~,~DATA~,~DATA~,~DATA~
~DATA~,~DATA~,~DATA~,~DATA~,~DATA~,~DATA~,~DATA~
~DATA~,~DATA~,~DATA~,~DATA~,~DATA~,~DATA~,~DATA~
~DATA~,~DATA~,~DATA~,~DATA~,~DATA~,~DATA~,~DATA~
~DATA~,~DATA~,~DATA~,~DATA~,~DATA~,~DATA~,~DATA~
~DATA~,~DATA~,~DATA~,~DATA~,~DATA~,~DATA~,~DATA~
~DATA~,~DATA~,~DATA~,~DATA~,~DATA~,~DATA~,~DATA~
~DATA~,~DATA~,~DATA~,~DATA~,~DATA~,~DATA~,~DATA~
~DATA~,~DATA~,~DATA~,~DATA~,~DATA~,~DATA~,~DATA~
~DATA~,~DATA~,~DATA~,~DATA~,~DATA~,~DATA~,~DATA~
~DATA~,~DATA~,~DATA~,~DATA~,~DATA~,~DATA~,~DATA~
~DATA~,~DATA~,~DATA~,~DATA~,~DATA~,~DATA~,~DATA~
~DATA~,~DATA~,~DATA~,~DATA~,~DATA~,~DATA~,~DATA~
~DATA~,~DATA~,~DATA~,~DATA~,~DATA~,~DATA~,~DATA~
~DATA~,~DATA~,~DATA~,~DATA~,~DATA~,~DATA~,~DATA~
~DATA~,~DATA~,~DATA~,~DATA~,~DATA~,~DATA~,~DATA~
~DATA~,~DATA~,~DATA~,~DATA~,~DATA~,~DATA~,~DATA~
~DATA~,~DATA~,~DATA~,~DATA~,~DATA~,~DATA~,~DATA~
~DATA~,~DATA~,~DATA~,~DATA~,~DATA~,~DATA~,~DATA~
~DATA~,~DATA~,~DATA~,~DATA~,~DATA~,~DATA~,~DATA~
~DATA~,~DATA~,~DATA~,~DATA~,~DATA~,~DATA~,~DATA~
~DATA~,~DATA~,~DATA~,~DATA~,~DATA~,~DATA~,~DATA~
~DATA~,~DATA~,~DATA~,~DATA~,~DATA~,~DATA~,~DATA~
~DATA~,~DATA~,~DATA~,~DATA~,~DATA~,~DATA~,~DATA~
~DATA~,~DATA~,~DATA~,~DATA~,~DATA~,~DATA~,~DATA~
~DATA~,~DATA~,~DATA~,~DATA~,~DATA~,~DATA~,~DATA~
~DATA~,~DATA~,~DATA~,~DATA~,~DATA~,~DATA~,~DATA~
~DATA~,~DATA~,~DATA~,~DATA~,~DATA~,~DATA~,~DATA~
~DATA~,~DATA~,~DATA~,~DATA~,~DATA~,~DATA~,~DATA~
~DATA~,~DATA~,~DATA~,~DATA~,~DATA~,~DATA~,~DATA~
~DATA~,~DATA~,~DATA~,~DATA~,~DATA~,~DATA~,~DATA~
~DATA~,~DATA~,~DATA~,~DATA~,~DATA~,~DATA~,~DATA~
~DATA~,~DATA~,~DATA~,~DATA~,~DATA~,~DATA~,~DATA~
~DATA~,~DATA~,~DATA~,~DATA~,~DATA~,~DATA~,~DATA~
~DATA~,~DATA~,~DATA~,~DATA~,~DATA~,~DATA~,~DATA~
~DATA~,~DATA~,~DATA~,~DATA~,~DATA~,~DATA~,~DATA~
~DATA~,~DATA~,~DATA~,~DATA~,~DATA~,~DATA~,~DATA~
~DATA~,~DATA~,~DATA~,~DATA~,~DATA~,~DATA~,~DATA~
~DATA~,~DATA~,~DATA~,~DATA~,~DATA~,~DATA~,~DATA~
~DATA~,~DATA~,~DATA~,~DATA~,~DATA~,~DATA~,~DATA~
~DATA~,~DATA~,~DATA~,~DATA~,~DATA~,~DATA~,~DATA~
~DATA~,~DATA~,~DATA~,~DATA~,~DATA~,~DATA~,~DATA~
~DATA~,~DATA~,~DATA~,~DATA~,~DATA~,~DATA~,~DATA~
~DATA~,~DATA~,~DATA~,~DATA~,~DATA~,~DATA~,~DATA~
~DATA~,~DATA~,~DATA~,~DATA~,~DATA~,~DATA~,~DATA~
~DATA~,~DATA~,~DATA~,~DATA~,~DATA~,~DATA~,~DATA~
~DATA~,~DATA~,~DATA~,~DATA~,~DATA~,~DATA~,~DATA~
~DATA~,~DATA~,~DATA~,~DATA~,~DATA~,~DATA~,~DATA~
~DATA~,~DATA~,~DATA~,~DATA~,~DATA~,~DATA~,~DATA~
~DATA~,~DATA~,~DATA~,~DATA~,~DATA~,~DATA~,~DATA~
~DATA~,~DATA~,~DATA~,~DATA~,~DATA~,~DATA~,~DATA~
~DATA~,~DATA~,~DATA~,~DATA~,~DATA~,~DATA~,~DATA~
~DATA~,~DATA~,~DATA~,~DATA~,~DATA~,~DATA~,~DATA~
~DATA~,~DATA~,~DATA~,~DATA~,~DATA~,~DATA~,~DATA~
~DATA~,~DATA~,~DATA~,~DATA~,~DATA~,~DATA~,~DATA~
~DATA~,~DATA~,~DATA~,~DATA~,~DATA~,~DATA~,~DATA~
~DATA~,~DATA~,~DATA~,~DATA~,~DATA~,~DATA~,~DATA~
~DATA~,~DATA~,~DATA~,~DATA~,~DATA~,~DATA~,~DATA~
~DATA~,~DATA~,~DATA~,~DATA~,~DATA~,~DATA~,~DATA~
~DATA~,~DATA~,~DATA~,~DATA~,~DATA~,~DATA~,~DATA~
~DATA~,~DATA~,~DATA~,~DATA~,~DATA~,~DATA~,~DATA~
~DATA~,~DATA~,~DATA~,~DATA~,~DATA~,~DATA~,~DATA~
~DATA~,~DATA~,~DATA~,~DATA~,~DATA~,~DATA~,~DATA~
~DATA~,~DATA~,~DATA~,~DATA~,~DATA~,~DATA~,~DATA~
~DATA~,~DATA~,~DATA~,~DATA~,~DATA~,~DATA~,~DATA~
~DATA~,~DATA~,~DATA~,~DATA~,~DATA~,~DATA~,~DATA~
~DATA~,~DATA~,~DATA~,~DATA~,~DATA~,~DATA~,~DATA~
~DATA~,~DATA~,~DATA~,~DATA~,~DATA~,~DATA~,~DATA~
~DATA~,~DATA~,~DATA~,~DATA~,~DATA~,~DATA~,~DATA~
~DATA~,~DATA~,~DATA~,~DATA~,~DATA~,~DATA~,~DATA~
~DATA~,~DATA~,~DATA~,~DATA~,~DATA~,~DATA~,~DATA~
~DATA~,~DATA~,~DATA~,~DATA~,~DATA~,~DATA~,~DATA~
~DATA~,~DATA~,~DATA~,~DATA~,~DATA~,~DATA~,~DATA~
~DATA~,~DATA~,~DATA~,~DATA~,~DATA~,~DATA~,~DATA~
~DATA~,~DATA~,~DATA~,~DATA~,~DATA~,~DATA~,~DATA~
~DATA~,~DATA~,~DATA~,~DATA~,~DATA~,~DATA~,~DATA~
~DATA~,~DATA~,~DATA~,~DATA~,~DATA~,~DATA~,~DATA~
~DATA~,~DATA~,~DATA~,~DATA~,~DATA~,~DATA~,~DATA~
~DATA~,~DATA~,~DATA~,~DATA~,~DATA~,~DATA~,~DATA~
~DATA~,~DATA~,~DATA~,~DATA~,~DATA~,~DATA~,~DATA~
~DATA~,~DATA~,~DATA~,~DATA~,~DATA~,~DATA~,~DATA~
~DATA~,~DATA~,~DATA~,~DATA~,~DATA~,~DATA~,~DATA~
~DATA~,~DATA~,~DATA~,~DATA~,~DATA~,~DATA~,~DATA~
~DATA~,~DATA~,~DATA~,~DATA~,~DATA~,~DATA~,~DATA~
~DATA~,~DATA~,~DATA~,~DATA~,~DATA~,~DATA~,~DATA~
~DATA~,~DATA~,~DATA~,~DATA~,~DATA~,~DATA~,~DATA~
~DATA~,~DATA~,~DATA~,~DATA~,~DATA~,~DATA~,~DATA~
~DATA~,~DATA~,~DATA~,~DATA~,~DATA~,~DATA~,~DATA~
~DATA~,~DATA~,~DATA~,~DATA~,~DATA~,~DATA~,~DATA~
~DATA~,~DATA~,~DATA~,~DATA~,~DATA~,~DATA~,~DATA~
~DATA~,~DATA~,~DATA~,~DATA~,~DATA~,~DATA~,~DATA~
~DATA~,~DATA~,~DATA~,~DATA~,~DATA~,~DATA~,~DATA~
~DATA~,~DATA~,~DATA~,~DATA~,~DATA~,~DATA~,~DATA~
~DATA~,~DATA~,~DATA~,~DATA~,~DATA~,~DATA~,~DATA~
~DATA~,~DATA~,~DATA~,~DATA~,~DATA~,~DATA~,~DATA~
~DATA~,~DATA~,~DATA~,~DATA~,~DATA~,~DATA~,~DATA~
~DATA~,~DATA~,~DATA~,~DATA~,~DATA~,~DATA~,~DATA~
~DATA~,~DATA~,~DATA~,~DATA~,~DATA~,~DATA~,~DATA~
~DATA~,~DATA~,~DATA~,~DATA~,~DATA~,~DATA~,~DATA~
~DATA~,~DATA~,~DATA~,~DATA~,~DATA~,~DATA~,~DATA~
~DATA~,~DATA~,~DATA~,~DATA~,~DATA~,~DATA~,~DATA~
~DATA~,~DATA~,~DATA~,~DATA~,~DATA~,~DATA~,~DATA~
~DATA~,~DATA~,~DATA~,~DATA~,~DATA~,~DATA~,~DATA~
~DATA~,~DATA~,~DATA~,~DATA~,~DATA~,~DATA~,~DATA~
~DATA~,~DATA~,~DATA~,~DATA~,~DATA~,~DATA~,~DATA~
~DATA~,~DATA~,~DATA~,~DATA~,~DATA~,~DATA~,~DATA~
~DATA~,~DATA~,~DATA~,~DATA~,~DATA~,~DATA~,~DATA~
~DATA~,~DATA~,~DATA~,~DATA~,~DATA~,~DATA~,~DATA~
~DATA~,~DATA~,~DATA~,~DATA~,~DATA~,~DATA~,~DATA~
~DATA~,~DATA~,~DATA~,~DATA~,~DATA~,~DATA~,~DATA~
~DATA~,~DATA~,~DATA~,~DATA~,~DATA~,~DATA~,~DATA~
~DATA~,~DATA~,~DATA~,~DATA~,~DATA~,~DATA~,~DATA~
~DATA~,~DATA~,~DATA~,~DATA~,~DATA~,~DATA~,~DATA~
~DATA~,~DATA~,~DATA~,~DATA~,~DATA~,~DATA~,~DATA~
~DATA~,~DATA~,~DATA~,~DATA~,~DATA~,~DATA~,~DATA~
~DATA~,~DATA~,~DATA~,~DATA~,~DATA~,~DATA~,~DATA~
~DATA~,~DATA~,~DATA~,~DATA~,~DATA~,~DATA~,~DATA~
~DATA~,~DATA~,~DATA~,~DATA~,~DATA~,~DATA~,~DATA~
~DATA~,~DATA~,~DATA~,~DATA~,~DATA~,~DATA~,~DATA~
~DATA~,~DATA~,~DATA~,~DATA~,~DATA~,~DATA~,~DATA~
~DATA~,~DATA~,~DATA~,~DATA~,~DATA~,~DATA~,~DATA~
~DATA~,~DATA~,~DATA~,~DATA~,~DATA~,~DATA~,~DATA~
~DATA~,~DATA~,~DATA~,~DATA~,~DATA~,~DATA~,~DATA~
~DATA~,~DATA~,~DATA~,~DATA~,~DATA~,~DATA~,~DATA~
~DATA~,~DATA~,~DATA~,~DATA~,~DATA~,~DATA~,~DATA~
~DATA~,~DATA~,~DATA~,~DATA~,~DATA~,~DATA~,~DATA~
~DATA~,~DATA~,~DATA~,~DATA~,~DATA~,~DATA~,~DATA~
~DATA~,~DATA~,~DATA~,~DATA~,~DATA~,~DATA~,~DATA~
~DATA~,~DATA~,~DATA~,~DATA~,~DATA~,~DATA~,~DATA~
~DATA~,~DATA~,~DATA~,~DATA~,~DATA~,~DATA~,~DATA~
~DATA~,~DATA~,~DATA~,~DATA~,~DATA~,~DATA~,~DATA~
~DATA~,~DATA~,~DATA~,~DATA~,~DATA~,~DATA~,~DATA~
~DATA~,~DATA~,~DATA~,~DATA~,~DATA~,~DATA~,~DATA~
~DATA~,~DATA~,~DATA~,~DATA~,~DATA~,~DATA~,~DATA~
~DATA~,~DATA~,~DATA~,~DATA~,~DATA~,~DATA~,~DATA~
~DATA~,~DATA~,~DATA~,~DATA~,~DATA~,~DATA~,~DATA~
~DATA~,~DATA~,~DATA~,~DATA~,~DATA~,~DATA~,~DATA~
~DATA~,~DATA~,~DATA~,~DATA~,~DATA~,~DATA~,~DATA~
~DATA~,~DATA~,~DATA~,~DATA~,~DATA~,~DATA~,~DATA~
~DATA~,~DATA~,~DATA~,~DATA~,~DATA~,~DATA~,~DATA~
~DATA~,~DATA~,~DATA~,~DATA~,~DATA~,~DATA~,~DATA~
~DATA~,~DATA~,~DATA~,~DATA~,~DATA~,~DATA~,~DATA~
~DATA~,~DATA~,~DATA~,~DATA~,~DATA~,~DATA~,~DATA~
~DATA~,~DATA~,~DATA~,~DATA~,~DATA~,~DATA~,~DATA~
~DATA~,~DATA~,~DATA~,~DATA~,~DATA~,~DATA~,~DATA~
~DATA~,~DATA~,~DATA~,~DATA~,~DATA~,~DATA~,~DATA~
~DATA~,~DATA~,~DATA~,~DATA~,~DATA~,~DATA~,~DATA~
~DATA~,~DATA~,~DATA~,~DATA~,~DATA~,~DATA~,~DATA~
~DATA~,~DATA~,~DATA~,~DATA~,~DATA~,~DATA~,~DATA~
~DATA~,~DATA~,~DATA~,~DATA~,~DATA~,~DATA~,~DATA~
~DATA~,~DATA~,~DATA~,~DATA~,~DATA~,~DATA~,~DATA~
~DATA~,~DATA~,~DATA~,~DATA~,~DATA~,~DATA~,~DATA~
~DATA~,~DATA~,~DATA~,~DATA~,~DATA~,~DATA~,~DATA~
~DATA~,~DATA~,~DATA~,~DATA~,~DATA~,~DATA~,~DATA~
~DATA~,~DATA~,~DATA~,~DATA~,~DATA~,~DATA~,~DATA~
~DATA~,~DATA~,~DATA~,~DATA~,~DATA~,~DATA~,~DATA~
~DATA~,~DATA~,~DATA~,~DATA~,~DATA~,~DATA~,~DATA~
~DATA~,~DATA~,~DATA~,~DATA~,~DATA~,~DATA~,~DATA~
~DATA~,~DATA~,~DATA~,~DATA~,~DATA~,~DATA~,~DATA~
~DATA~,~DATA~,~DATA~,~DATA~,~DATA~,~DATA~,~DATA~
~DATA~,~DATA~,~DATA~,~DATA~,~DATA~,~DATA~,~DATA~
~DATA~,~DATA~,~DATA~,~DATA~,~DATA~,~DATA~,~DATA~
~DATA~,~DATA~,~DATA~,~DATA~,~DATA~,~DATA~,~DATA~
~DATA~,~DATA~,~DATA~,~DATA~,~DATA~,~DATA~,~DATA~
~DATA~,~DATA~,~DATA~,~DATA~,~DATA~,~DATA~,~DATA~
~DATA~,~DATA~,~DATA~,~DATA~,~DATA~,~DATA~,~DATA~
~DATA~,~DATA~,~DATA~,~DATA~,~DATA~,~DATA~,~DATA~
~DATA~,~DATA~,~DATA~,~DATA~,~DATA~,~DATA~,~DATA~
~DATA~,~DATA~,~DATA~,~DATA~,~DATA~,~DATA~,~DATA~
~DATA~,~DATA~,~DATA~,~DATA~,~DATA~,~DATA~,~DATA~
~DATA~,~DATA~,~DATA~,~DATA~,~DATA~,~DATA~,~DATA~
~DATA~,~DATA~,~DATA~,~DATA~,~DATA~,~DATA~,~DATA~
~DATA~,~DATA~,~DATA~,~DATA~,~DATA~,~DATA~,~DATA~
~DATA~,~DATA~,~DATA~,~DATA~,~DATA~,~DATA~,~DATA~
~DATA~,~DATA~,~DATA~,~DATA~,~DATA~,~DATA~,~DATA~
~DATA~,~DATA~,~DATA~,~DATA~,~DATA~,~DATA~,~DATA~
~DATA~,~DATA~,~DATA~,~DATA~,~DATA~,~DATA~,~DATA~
~DATA~,~DATA~,~DATA~,~DATA~,~DATA~,~DATA~,~DATA~
~DATA~,~DATA~,~DATA~,~DATA~,~DATA~,~DATA~,~DATA~
~DATA~,~DATA~,~DATA~,~DATA~,~DATA~,~DATA~,~DATA~
~DATA~,~DATA~,~DATA~,~DATA~,~DATA~,~DATA~,~DATA~
~DATA~,~DATA~,~DATA~,~DATA~,~DATA~,~DATA~,~DATA~
~DATA~,~DATA~,~DATA~,~DATA~,~DATA~,~DATA~,~DATA~
~DATA~,~DATA~,~DATA~,~DATA~,~DATA~,~DATA~,~DATA~
~DATA~,~DATA~,~DATA~,~DATA~,~DATA~,~DATA~,~DATA~
~DATA~,~DATA~,~DATA~,~DATA~,~DATA~,~DATA~,~DATA~
~DATA~,~DATA~,~DATA~,~DATA~,~DATA~,~DATA~,~DATA~
~DATA~,~DATA~,~DATA~,~DATA~,~DATA~,~DATA~,~DATA~
~DATA~,~DATA~,~DATA~,~DATA~,~DATA~,~DATA~,~DATA~
~DATA~,~DATA~,~DATA~,~DATA~,~DATA~,~DATA~,~DATA~
~DATA~,~DATA~,~DATA~,~DATA~,~DATA~,~DATA~,~DATA~
~DATA~,~DATA~,~DATA~,~DATA~,~DATA~,~DATA~,~DATA~
~DATA~,~DATA~,~DATA~,~DATA~,~DATA~,~DATA~,~DATA~
~DATA~,~DATA~,~DATA~,~DATA~,~DATA~,~DATA~,~DATA~
~DATA~,~DATA~,~DATA~,~DATA~,~DATA~,~DATA~,~DATA~
~DATA~,~DATA~,~DATA~,~DATA~,~DATA~,~DATA~,~DATA~
~DATA~,~DATA~,~DATA~,~DATA~,~DATA~,~DATA~,~DATA~
~DATA~,~DATA~,~DATA~,~DATA~,~DATA~,~DATA~,~DATA~
~DATA~,~DATA~,~DATA~,~DATA~,~DATA~,~DATA~,~DATA~
~DATA~,~DATA~,~DATA~,~DATA~,~DATA~,~DATA~,~DATA~
~DATA~,~DATA~,~DATA~,~DATA~,~DATA~,~DATA~,~DATA~
~DATA~,~DATA~,~DATA~,~DATA~,~DATA~,~DATA~,~DATA~
~DATA~,~DATA~,~DATA~,~DATA~,~DATA~,~DATA~,~DATA~
~DATA~,~DATA~,~DATA~,~DATA~,~DATA~,~DATA~,~DATA~
~DATA~,~DATA~,~DATA~,~DATA~,~DATA~,~DATA~,~DATA~
~DATA~,~DATA~,~DATA~,~DATA~,~DATA~,~DATA~,~DATA~
~DATA~,~DATA~,~DATA~,~DATA~,~DATA~,~DATA~,~DATA~
~DATA~,~DATA~,~DATA~,~DATA~,~DATA~,~DATA~,~DATA~
~DATA~,~DATA~,~DATA~,~DATA~,~DATA~,~DATA~,~DATA~
~DATA~,~DATA~,~DATA~,~DATA~,~DATA~,~DATA~,~DATA~
~DATA~,~DATA~,~DATA~,~DATA~,~DATA~,~DATA~,~DATA~
~DATA~,~DATA~,~DATA~,~DATA~,~DATA~,~DATA~,~DATA~
~DATA~,~DATA~,~DATA~,~DATA~,~DATA~,~DATA~,~DATA~
~DATA~,~DATA~,~DATA~,~DATA~,~DATA~,~DATA~,~DATA~
~DATA~,~DATA~,~DATA~,~DATA~,~DATA~,~DATA~,~DATA~
~DATA~,~DATA~,~DATA~,~DATA~,~DATA~,~DATA~,~DATA~
~DATA~,~DATA~,~DATA~,~DATA~,~DATA~,~DATA~,~DATA~
~DATA~,~DATA~,~DATA~,~DATA~,~DATA~,~DATA~,~DATA~
~DATA~,~DATA~,~DATA~,~DATA~,~DATA~,~DATA~,~DATA~
~DATA~,~DATA~,~DATA~,~DATA~,~DATA~,~DATA~,~DATA~
~DATA~,~DATA~,~DATA~,~DATA~,~DATA~,~DATA~,~DATA~
~DATA~,~DATA~,~DATA~,~DATA~,~DATA~,~DATA~,~DATA~
~DATA~,~DATA~,~DATA~,~DATA~,~DATA~,~DATA~,~DATA~
~DATA~,~DATA~,~DATA~,~DATA~,~DATA~,~DATA~,~DATA~
~DATA~,~DATA~,~DATA~,~DATA~,~DATA~,~DATA~,~DATA~
~DATA~,~DATA~,~DATA~,~DATA~,~DATA~,~DATA~,~DATA~
~DATA~,~DATA~,~DATA~,~DATA~,~DATA~,~DATA~,~DATA~
~DATA~,~DATA~,~DATA~,~DATA~,~DATA~,~DATA~,~DATA~
~DATA~,~DATA~,~DATA~,~DATA~,~DATA~,~DATA~,~DATA~
~DATA~,~DATA~,~DATA~,~DATA~,~DATA~,~DATA~,~DATA~
~DATA~,~DATA~,~DATA~,~DATA~,~DATA~,~DATA~,~DATA~
~DATA~,~DATA~,~DATA~,~DATA~,~DATA~,~DATA~,~DATA~
~DATA~,~DATA~,~DATA~,~DATA~,~DATA~,~DATA~,~DATA~
~DATA~,~DATA~,~DATA~,~DATA~,~DATA~,~DATA~,~DATA~
~DATA~,~DATA~,~DATA~,~DATA~,~DATA~,~DATA~,~DATA~
~DATA~,~DATA~,~DATA~,~DATA~,~DATA~,~DATA~,~DATA~
~DATA~,~DATA~,~DATA~,~DATA~,~DATA~,~DATA~,~DATA~
~DATA~,~DATA~,~DATA~,~DATA~,~DATA~,~DATA~,~DATA~
~DATA~,~DATA~,~DATA~,~DATA~,~DATA~,~DATA~,~DATA~
~DATA~,~DATA~,~DATA~,~DATA~,~DATA~,~DATA~,~DATA~
~DATA~,~DATA~,~DATA~,~DATA~,~DATA~,~DATA~,~DATA~
~DATA~,~DATA~,~DATA~,~DATA~,~DATA~,~DATA~,~DATA~
~DATA~,~DATA~,~DATA~,~DATA~,~DATA~,~DATA~,~DATA~
~DATA~,~DATA~,~DATA~,~DATA~,~DATA~,~DATA~,~DATA~
~DATA~,~DATA~,~DATA~,~DATA~,~DATA~,~DATA~,~DATA~
~DATA~,~DATA~,~DATA~,~DATA~,~DATA~,~DATA~,~DATA~
~DATA~,~DATA~,~DATA~,~DATA~,~DATA~,~DATA~,~DATA~
~DATA~,~DATA~,~DATA~,~DATA~,~DATA~,~DATA~,~DATA~
~DATA~,~DATA~,~DATA~,~DATA~,~DATA~,~DATA~,~DATA~
~DATA~,~DATA~,~DATA~,~DATA~,~DATA~,~DATA~,~DATA~
~DATA~,~DATA~,~DATA~,~DATA~,~DATA~,~DATA~,~DATA~
~DATA~,~DATA~,~DATA~,~DATA~,~DATA~,~DATA~,~DATA~
~DATA~,~DATA~,~DATA~,~DATA~,~DATA~,~DATA~,~DATA~
~DATA~,~DATA~,~DATA~,~DATA~,~DATA~,~DATA~,~DATA~
~DATA~,~DATA~,~DATA~,~DATA~,~DATA~,~DATA~,~DATA~
~DATA~,~DATA~,~DATA~,~DATA~,~DATA~,~DATA~,~DATA~
~DATA~,~DATA~,~DATA~,~DATA~,~DATA~,~DATA~,~DATA~
~DATA~,~DATA~,~DATA~,~DATA~,~DATA~,~DATA~,~DATA~
~DATA~,~DATA~,~DATA~,~DATA~,~DATA~,~DATA~,~DATA~
~DATA~,~DATA~,~DATA~,~DATA~,~DATA~,~DATA~,~DATA~
~DATA~,~DATA~,~DATA~,~DATA~,~DATA~,~DATA~,~DATA~
~DATA~,~DATA~,~DATA~,~DATA~,~DATA~,~DATA~,~DATA~
~DATA~,~DATA~,~DATA~,~DATA~,~DATA~,~DATA~,~DATA~
~DATA~,~DATA~,~DATA~,~DATA~,~DATA~,~DATA~,~DATA~
~DATA~,~DATA~,~DATA~,~DATA~,~DATA~,~DATA~,~DATA~
~DATA~,~DATA~,~DATA~,~DATA~,~DATA~,~DATA~,~DATA~
~DATA~,~DATA~,~DATA~,~DATA~,~DATA~,~DATA~,~DATA~
~DATA~,~DATA~,~DATA~,~DATA~,~DATA~,~DATA~,~DATA~
~DATA~,~DATA~,~DATA~,~DATA~,~DATA~,~DATA~,~DATA~
~DATA~,~DATA~,~DATA~,~DATA~,~DATA~,~DATA~,~DATA~
~DATA~,~DATA~,~DATA~,~DATA~,~DATA~,~DATA~,~DATA~
~DATA~,~DATA~,~DATA~,~DATA~,~DATA~,~DATA~,~DATA~
~DATA~,~DATA~,~DATA~,~DATA~,~DATA~,~DATA~,~DATA~
~DATA~,~DATA~,~DATA~,~DATA~,~DATA~,~DATA~,~DATA~
~DATA~,~DATA~,~DATA~,~DATA~,~DATA~,~DATA~,~DATA~
~DATA~,~DATA~,~DATA~,~DATA~,~DATA~,~DATA~,~DATA~
~DATA~,~DATA~,~DATA~,~DATA~,~DATA~,~DATA~,~DATA~
~DATA~,~DATA~,~DATA~,~DATA~,~DATA~,~DATA~,~DATA~
~DATA~,~DATA~,~DATA~,~DATA~,~DATA~,~DATA~,~DATA~
~DATA~,~DATA~,~DATA~,~DATA~,~DATA~,~DATA~,~DATA~
~DATA~,~DATA~,~DATA~,~DATA~,~DATA~,~DATA~,~DATA~
~DATA~,~DATA~,~DATA~,~DATA~,~DATA~,~DATA~,~DATA~
~DATA~,~DATA~,~DATA~,~DATA~,~DATA~,~DATA~,~DATA~
~DATA~,~DATA~,~DATA~,~DATA~,~DATA~,~DATA~,~DATA~
~DATA~,~DATA~,~DATA~,~DATA~,~DATA~,~DATA~,~DATA~
~DATA~,~DATA~,~DATA~,~DATA~,~DATA~,~DATA~,~DATA~
~DATA~,~DATA~,~DATA~,~DATA~,~DATA~,~DATA~,~DATA~
~DATA~,~DATA~,~DATA~,~DATA~,~DATA~,~DATA~,~DATA~
~DATA~,~DATA~,~DATA~,~DATA~,~DATA~,~DATA~,~DATA~
~DATA~,~DATA~,~DATA~,~DATA~,~DATA~,~DATA~,~DATA~
~DATA~,~DATA~,~DATA~,~DATA~,~DATA~,~DATA~,~DATA~
~DATA~,~DATA~,~DATA~,~DATA~,~DATA~,~DATA~,~DATA~
~DATA~,~DATA~,~DATA~,~DATA~,~DATA~,~DATA~,~DATA~
~DATA~,~DATA~,~DATA~,~DATA~,~DATA~,~DATA~,~DATA~
~DATA~,~DATA~,~DATA~,~DATA~,~DATA~,~DATA~,~DATA~
~DATA~,~DATA~,~DATA~,~DATA~,~DATA~,~DATA~,~DATA~
~DATA~,~DATA~,~DATA~,~DATA~,~DATA~,~DATA~,~DATA~
~DATA~,~DATA~,~DATA~,~DATA~,~DATA~,~DATA~,~DATA~
~DATA~,~DATA~,~DATA~,~DATA~,~DATA~,~DATA~,~DATA~
~DATA~,~DATA~,~DATA~,~DATA~,~DATA~,~DATA~,~DATA~
~DATA~,~DATA~,~DATA~,~DATA~,~DATA~,~DATA~,~DATA~
~DATA~,~DATA~,~DATA~,~DATA~,~DATA~,~DATA~,~DATA~
~DATA~,~DATA~,~DATA~,~DATA~,~DATA~,~DATA~,~DATA~
~DATA~,~DATA~,~DATA~,~DATA~,~DATA~,~DATA~,~DATA~
~DATA~,~DATA~,~DATA~,~DATA~,~DATA~,~DATA~,~DATA~
~DATA~,~DATA~,~DATA~,~DATA~,~DATA~,~DATA~,~DATA~
~DATA~,~DATA~,~DATA~,~DATA~,~DATA~,~DATA~,~DATA~
~DATA~,~DATA~,~DATA~,~DATA~,~DATA~,~DATA~,~DATA~
~DATA~,~DATA~,~DATA~,~DATA~,~DATA~,~DATA~,~DATA~
~DATA~,~DATA~,~DATA~,~DATA~,~DATA~,~DATA~,~DATA~
~DATA~,~DATA~,~DATA~,~DATA~,~DATA~,~DATA~,~DATA~
~DATA~,~DATA~,~DATA~,~DATA~,~DATA~,~DATA~,~DATA~
~DATA~,~DATA~,~DATA~,~DATA~,~DATA~,~DATA~,~DATA~
~DATA~,~DATA~,~DATA~,~DATA~,~DATA~,~DATA~,~DATA~
~DATA~,~DATA~,~DATA~,~DATA~,~DATA~,~DATA~,~DATA~
~DATA~,~DATA~,~DATA~,~DATA~,~DATA~,~DATA~,~DATA~
~DATA~,~DATA~,~DATA~,~DATA~,~DATA~,~DATA~,~DATA~
~DATA~,~DATA~,~DATA~,~DATA~,~DATA~,~DATA~,~DATA~
~DATA~,~DATA~,~DATA~,~DATA~,~DATA~,~DATA~,~DATA~
~DATA~,~DATA~,~DATA~,~DATA~,~DATA~,~DATA~,~DATA~
~DATA~,~DATA~,~DATA~,~DATA~,~DATA~,~DATA~,~DATA~
~DATA~,~DATA~,~DATA~,~DATA~,~DATA~,~DATA~,~DATA~
~DATA~,~DATA~,~DATA~,~DATA~,~DATA~,~DATA~,~DATA~
~DATA~,~DATA~,~DATA~,~DATA~,~DATA~,~DATA~,~DATA~
~DATA~,~DATA~,~DATA~,~DATA~,~DATA~,~DATA~,~DATA~
~DATA~,~DATA~,~DATA~,~DATA~,~DATA~,~DATA~,~DATA~
~DATA~,~DATA~,~DATA~,~DATA~,~DATA~,~DATA~,~DATA~
~DATA~,~DATA~,~DATA~,~DATA~,~DATA~,~DATA~,~DATA~
~DATA~,~DATA~,~DATA~,~DATA~,~DATA~,~DATA~,~DATA~
~DATA~,~DATA~,~DATA~,~DATA~,~DATA~,~DATA~,~DATA~
~DATA~,~DATA~,~DATA~,~DATA~,~DATA~,~DATA~,~DATA~
~DATA~,~DATA~,~DATA~,~DATA~,~DATA~,~DATA~,~DATA~
~DATA~,~DATA~,~DATA~,~DATA~,~DATA~,~DATA~,~DATA~
~DATA~,~DATA~,~DATA~,~DATA~,~DATA~,~DATA~,~DATA~
~DATA~,~DATA~,~DATA~,~DATA~,~DATA~,~DATA~,~DATA~
~DATA~,~DATA~,~DATA~,~DATA~,~DATA~,~DATA~,~DATA~
~DATA~,~DATA~,~DATA~,~DATA~,~DATA~,~DATA~,~DATA~
~DATA~,~DATA~,~DATA~,~DATA~,~DATA~,~DATA~,~DATA~
~DATA~,~DATA~,~DATA~,~DATA~,~DATA~,~DATA~,~DATA~
~DATA~,~DATA~,~DATA~,~DATA~,~DATA~,~DATA~,~DATA~
~DATA~,~DATA~,~DATA~,~DATA~,~DATA~,~DATA~,~DATA~
~DATA~,~DATA~,~DATA~,~DATA~,~DATA~,~DATA~,~DATA~
~DATA~,~DATA~,~DATA~,~DATA~,~DATA~,~DATA~,~DATA~
~DATA~,~DATA~,~DATA~,~DATA~,~DATA~,~DATA~,~DATA~
~DATA~,~DATA~,~DATA~,~DATA~,~DATA~,~DATA~,~DATA~
~DATA~,~DATA~,~DATA~,~DATA~,~DATA~,~DATA~,~DATA~
~DATA~,~DATA~,~DATA~,~DATA~,~DATA~,~DATA~,~DATA~
~DATA~,~DATA~,~DATA~,~DATA~,~DATA~,~DATA~,~DATA~
~DATA~,~DATA~,~DATA~,~DATA~,~DATA~,~DATA~,~DATA~
~DATA~,~DATA~,~DATA~,~DATA~,~DATA~,~DATA~,~DATA~
~DATA~,~DATA~,~DATA~,~DATA~,~DATA~,~DATA~,~DATA~
~DATA~,~DATA~,~DATA~,~DATA~,~DATA~,~DATA~,~DATA~
~DATA~,~DATA~,~DATA~,~DATA~,~DATA~,~DATA~,~DATA~
~DATA~,~DATA~,~DATA~,~DATA~,~DATA~,~DATA~,~DATA~
~DATA~,~DATA~,~DATA~,~DATA~,~DATA~,~DATA~,~DATA~
~DATA~,~DATA~,~DATA~,~DATA~,~DATA~,~DATA~,~DATA~
~DATA~,~DATA~,~DATA~,~DATA~,~DATA~,~DATA~,~DATA~
~DATA~,~DATA~,~DATA~,~DATA~,~DATA~,~DATA~,~DATA~
~DATA~,~DATA~,~DATA~,~DATA~,~DATA~,~DATA~,~DATA~
~DATA~,~DATA~,~DATA~,~DATA~,~DATA~,~DATA~,~DATA~
~DATA~,~DATA~,~DATA~,~DATA~,~DATA~,~DATA~,~DATA~
~DATA~,~DATA~,~DATA~,~DATA~,~DATA~,~DATA~,~DATA~
~DATA~,~DATA~,~DATA~,~DATA~,~DATA~,~DATA~,~DATA~
~DATA~,~DATA~,~DATA~,~DATA~,~DATA~,~DATA~,~DATA~
~DATA~,~DATA~,~DATA~,~DATA~,~DATA~,~DATA~,~DATA~
~DATA~,~DATA~,~DATA~,~DATA~,~DATA~,~DATA~,~DATA~
~DATA~,~DATA~,~DATA~,~DATA~,~DATA~,~DATA~,~DATA~
~DATA~,~DATA~,~DATA~,~DATA~,~DATA~,~DATA~,~DATA~
~DATA~,~DATA~,~DATA~,~DATA~,~DATA~,~DATA~,~DATA~
~DATA~,~DATA~,~DATA~,~DATA~,~DATA~,~DATA~,~DATA~
~DATA~,~DATA~,~DATA~,~DATA~,~DATA~,~DATA~,~DATA~
~DATA~,~DATA~,~DATA~,~DATA~,~DATA~,~DATA~,~DATA~
~DATA~,~DATA~,~DATA~,~DATA~,~DATA~,~DATA~,~DATA~
~DATA~,~DATA~,~DATA~,~DATA~,~DATA~,~DATA~,~DATA~
~DATA~,~DATA~,~DATA~,~DATA~,~DATA~,~DATA~,~DATA~
~DATA~,~DATA~,~DATA~,~DATA~,~DATA~,~DATA~,~DATA~
~DATA~,~DATA~,~DATA~,~DATA~,~DATA~,~DATA~,~DATA~
~DATA~,~DATA~,~DATA~,~DATA~,~DATA~,~DATA~,~DATA~
~DATA~,~DATA~,~DATA~,~DATA~,~DATA~,~DATA~,~DATA~
~DATA~,~DATA~,~DATA~,~DATA~,~DATA~,~DATA~,~DATA~
~DATA~,~DATA~,~DATA~,~DATA~,~DATA~,~DATA~,~DATA~
~DATA~,~DATA~,~DATA~,~DATA~,~DATA~,~DATA~,~DATA~
~DATA~,~DATA~,~DATA~,~DATA~,~DATA~,~DATA~,~DATA~
~DATA~,~DATA~,~DATA~,~DATA~,~DATA~,~DATA~,~DATA~
~DATA~,~DATA~,~DATA~,~DATA~,~DATA~,~DATA~,~DATA~
~DATA~,~DATA~,~DATA~,~DATA~,~DATA~,~DATA~,~DATA~
~DATA~,~DATA~,~DATA~,~DATA~,~DATA~,~DATA~,~DATA~
~DATA~,~DATA~,~DATA~,~DATA~,~DATA~,~DATA~,~DATA~
~DATA~,~DATA~,~DATA~,~DATA~,~DATA~,~DATA~,~DATA~
~DATA~,~DATA~,~DATA~,~DATA~,~DATA~,~DATA~,~DATA~
~DATA~,~DATA~,~DATA~,~DATA~,~DATA~,~DATA~,~DATA~
~DATA~,~DATA~,~DATA~,~DATA~,~DATA~,~DATA~,~DATA~
~DATA~,~DATA~,~DATA~,~DATA~,~DATA~,~DATA~,~DATA~
~DATA~,~DATA~,~DATA~,~DATA~,~DATA~,~DATA~,~DATA~
~DATA~,~DATA~,~DATA~,~DATA~,~DATA~,~DATA~,~DATA~
~DATA~,~DATA~,~DATA~,~DATA~,~DATA~,~DATA~,~DATA~
~DATA~,~DATA~,~DATA~,~DATA~,~DATA~,~DATA~,~DATA~
~DATA~,~DATA~,~DATA~,~DATA~,~DATA~,~DATA~,~DATA~
~DATA~,~DATA~,~DATA~,~DATA~,~DATA~,~DATA~,~DATA~
~DATA~,~DATA~,~DATA~,~DATA~,~DATA~,~DATA~,~DATA~
~DATA~,~DATA~,~DATA~,~DATA~,~DATA~,~DATA~,~DATA~
~DATA~,~DATA~,~DATA~,~DATA~,~DATA~,~DATA~,~DATA~
~DATA~,~DATA~,~DATA~,~DATA~,~DATA~,~DATA~,~DATA~
~DATA~,~DATA~,~DATA~,~DATA~,~DATA~,~DATA~,~DATA~
~DATA~,~DATA~,~DATA~,~DATA~,~DATA~,~DATA~,~DATA~
~DATA~,~DATA~,~DATA~,~DATA~,~DATA~,~DATA~,~DATA~
~DATA~,~DATA~,~DATA~,~DATA~,~DATA~,~DATA~,~DATA~
~DATA~,~DATA~,~DATA~,~DATA~,~DATA~,~DATA~,~DATA~
~DATA~,~DATA~,~DATA~,~DATA~,~DATA~,~DATA~,~DATA~
~DATA~,~DATA~,~DATA~,~DATA~,~DATA~,~DATA~,~DATA~
~DATA~,~DATA~,~DATA~,~DATA~,~DATA~,~DATA~,~DATA~
~DATA~,~DATA~,~DATA~,~DATA~,~DATA~,~DATA~,~DATA~
~DATA~,~DATA~,~DATA~,~DATA~,~DATA~,~DATA~,~DATA~
~DATA~,~DATA~,~DATA~,~DATA~,~DATA~,~DATA~,~DATA~
~DATA~,~DATA~,~DATA~,~DATA~,~DATA~,~DATA~,~DATA~
~DATA~,~DATA~,~DATA~,~DATA~,~DATA~,~DATA~,~DATA~
~DATA~,~DATA~,~DATA~,~DATA~,~DATA~,~DATA~,~DATA~
~DATA~,~DATA~,~DATA~,~DATA~,~DATA~,~DATA~,~DATA~
~DATA~,~DATA~,~DATA~,~DATA~,~DATA~,~DATA~,~DATA~
~DATA~,~DATA~,~DATA~,~DATA~,~DATA~,~DATA~,~DATA~
~DATA~,~DATA~,~DATA~,~DATA~,~DATA~,~DATA~,~DATA~
~DATA~,~DATA~,~DATA~,~DATA~,~DATA~,~DATA~,~DATA~
~DATA~,~DATA~,~DATA~,~DATA~,~DATA~,~DATA~,~DATA~
~DATA~,~DATA~,~DATA~,~DATA~,~DATA~,~DATA~,~DATA~
~DATA~,~DATA~,~DATA~,~DATA~,~DATA~,~DATA~,~DATA~
~DATA~,~DATA~,~DATA~,~DATA~,~DATA~,~DATA~,~DATA~
~DATA~,~DATA~,~DATA~,~DATA~,~DATA~,~DATA~,~DATA~
~DATA~,~DATA~,~DATA~,~DATA~,~DATA~,~DATA~,~DATA~
~DATA~,~DATA~,~DATA~,~DATA~,~DATA~,~DATA~,~DATA~
~DATA~,~DATA~,~DATA~,~DATA~,~DATA~,~DATA~,~DATA~
~DATA~,~DATA~,~DATA~,~DATA~,~DATA~,~DATA~,~DATA~
~DATA~,~DATA~,~DATA~,~DATA~,~DATA~,~DATA~,~DATA~
~DATA~,~DATA~,~DATA~,~DATA~,~DATA~,~DATA~,~DATA~
~DATA~,~DATA~,~DATA~,~DATA~,~DATA~,~DATA~,~DATA~
~DATA~,~DATA~,~DATA~,~DATA~,~DATA~,~DATA~,~DATA~
~DATA~,~DATA~,~DATA~,~DATA~,~DATA~,~DATA~,~DATA~
~DATA~,~DATA~,~DATA~,~DATA~,~DATA~,~DATA~,~DATA~
~DATA~,~DATA~,~DATA~,~DATA~,~DATA~,~DATA~,~DATA~
~DATA~,~DATA~,~DATA~,~DATA~,~DATA~,~DATA~,~DATA~
~DATA~,~DATA~,~DATA~,~DATA~,~DATA~,~DATA~,~DATA~
~DATA~,~DATA~,~DATA~,~DATA~,~DATA~,~DATA~,~DATA~
~DATA~,~DATA~,~DATA~,~DATA~,~DATA~,~DATA~,~DATA~
~DATA~,~DATA~,~DATA~,~DATA~,~DATA~,~DATA~,~DATA~
~DATA~,~DATA~,~DATA~,~DATA~,~DATA~,~DATA~,~DATA~
~DATA~,~DATA~,~DATA~,~DATA~,~DATA~,~DATA~,~DATA~
~DATA~,~DATA~,~DATA~,~DATA~,~DATA~,~DATA~,~DATA~
~DATA~,~DATA~,~DATA~,~DATA~,~DATA~,~DATA~,~DATA~
~DATA~,~DATA~,~DATA~,~DATA~,~DATA~,~DATA~,~DATA~
~DATA~,~DATA~,~DATA~,~DATA~,~DATA~,~DATA~,~DATA~
~DATA~,~DATA~,~DATA~,~DATA~,~DATA~,~DATA~,~DATA~
~DATA~,~DATA~,~DATA~,~DATA~,~DATA~,~DATA~,~DATA~
~DATA~,~DATA~,~DATA~,~DATA~,~DATA~,~DATA~,~DATA~
~DATA~,~DATA~,~DATA~,~DATA~,~DATA~,~DATA~,~DATA~
~DATA~,~DATA~,~DATA~,~DATA~,~DATA~,~DATA~,~DATA~
~DATA~,~DATA~,~DATA~,~DATA~,~DATA~,~DATA~,~DATA~
~DATA~,~DATA~,~DATA~,~DATA~,~DATA~,~DATA~,~DATA~
~DATA~,~DATA~,~DATA~,~DATA~,~DATA~,~DATA~,~DATA~
~DATA~,~DATA~,~DATA~,~DATA~,~DATA~,~DATA~,~DATA~
~DATA~,~DATA~,~DATA~,~DATA~,~DATA~,~DATA~,~DATA~
~DATA~,~DATA~,~DATA~,~DATA~,~DATA~,~DATA~,~DATA~
~DATA~,~DATA~,~DATA~,~DATA~,~DATA~,~DATA~,~DATA~
~DATA~,~DATA~,~DATA~,~DATA~,~DATA~,~DATA~,~DATA~
~DATA~,~DATA~,~DATA~,~DATA~,~DATA~,~DATA~,~DATA~
~DATA~,~DATA~,~DATA~,~DATA~,~DATA~,~DATA~,~DATA~
~DATA~,~DATA~,~DATA~,~DATA~,~DATA~,~DATA~,~DATA~
~DATA~,~DATA~,~DATA~,~DATA~,~DATA~,~DATA~,~DATA~
~DATA~,~DATA~,~DATA~,~DATA~,~DATA~,~DATA~,~DATA~
~DATA~,~DATA~,~DATA~,~DATA~,~DATA~,~DATA~,~DATA~
~DATA~,~DATA~,~DATA~,~DATA~,~DATA~,~DATA~,~DATA~
~DATA~,~DATA~,~DATA~,~DATA~,~DATA~,~DATA~,~DATA~
~DATA~,~DATA~,~DATA~,~DATA~,~DATA~,~DATA~,~DATA~
~DATA~,~DATA~,~DATA~,~DATA~,~DATA~,~DATA~,~DATA~
~DATA~,~DATA~,~DATA~,~DATA~,~DATA~,~DATA~,~DATA~
~DATA~,~DATA~,~DATA~,~DATA~,~DATA~,~DATA~,~DATA~
~DATA~,~DATA~,~DATA~,~DATA~,~DATA~,~DATA~,~DATA~
~DATA~,~DATA~,~DATA~,~DATA~,~DATA~,~DATA~,~DATA~
~DATA~,~DATA~,~DATA~,~DATA~,~DATA~,~DATA~,~DATA~
~DATA~,~DATA~,~DATA~,~DATA~,~DATA~,~DATA~,~DATA~
~DATA~,~DATA~,~DATA~,~DATA~,~DATA~,~DATA~,~DATA~
~DATA~,~DATA~,~DATA~,~DATA~,~DATA~,~DATA~,~DATA~
~DATA~,~DATA~,~DATA~,~DATA~,~DATA~,~DATA~,~DATA~
~DATA~,~DATA~,~DATA~,~DATA~,~DATA~,~DATA~,~DATA~
~DATA~,~DATA~,~DATA~,~DATA~,~DATA~,~DATA~,~DATA~
~DATA~,~DATA~,~DATA~,~DATA~,~DATA~,~DATA~,~DATA~
~DATA~,~DATA~,~DATA~,~DATA~,~DATA~,~DATA~,~DATA~
~DATA~,~DATA~,~DATA~,~DATA~,~DATA~,~DATA~,~DATA~
~DATA~,~DATA~,~DATA~,~DATA~,~DATA~,~DATA~,~DATA~
~DATA~,~DATA~,~DATA~,~DATA~,~DATA~,~DATA~,~DATA~
~DATA~,~DATA~,~DATA~,~DATA~,~DATA~,~DATA~,~DATA~
~DATA~,~DATA~,~DATA~,~DATA~,~DATA~,~DATA~,~DATA~
~DATA~,~DATA~,~DATA~,~DATA~,~DATA~,~DATA~,~DATA~
~DATA~,~DATA~,~DATA~,~DATA~,~DATA~,~DATA~,~DATA~
~DATA~,~DATA~,~DATA~,~DATA~,~DATA~,~DATA~,~DATA~
~DATA~,~DATA~,~DATA~,~DATA~,~DATA~,~DATA~,~DATA~
~DATA~,~DATA~,~DATA~,~DATA~,~DATA~,~DATA~,~DATA~
~DATA~,~DATA~,~DATA~,~DATA~,~DATA~,~DATA~,~DATA~
~DATA~,~DATA~,~DATA~,~DATA~,~DATA~,~DATA~,~DATA~
~DATA~,~DATA~,~DATA~,~DATA~,~DATA~,~DATA~,~DATA~
~DATA~,~DATA~,~DATA~,~DATA~,~DATA~,~DATA~,~DATA~
~DATA~,~DATA~,~DATA~,~DATA~,~DATA~,~DATA~,~DATA~
~DATA~,~DATA~,~DATA~,~DATA~,~DATA~,~DATA~,~DATA~
~DATA~,~DATA~,~DATA~,~DATA~,~DATA~,~DATA~,~DATA~
~DATA~,~DATA~,~DATA~,~DATA~,~DATA~,~DATA~,~DATA~
~DATA~,~DATA~,~DATA~,~DATA~,~DATA~,~DATA~,~DATA~
~DATA~,~DATA~,~DATA~,~DATA~,~DATA~,~DATA~,~DATA~
~DATA~,~DATA~,~DATA~,~DATA~,~DATA~,~DATA~,~DATA~
~DATA~,~DATA~,~DATA~,~DATA~,~DATA~,~DATA~,~DATA~
~DATA~,~DATA~,~DATA~,~DATA~,~DATA~,~DATA~,~DATA~
~DATA~,~DATA~,~DATA~,~DATA~,~DATA~,~DATA~,~DATA~
~DATA~,~DATA~,~DATA~,~DATA~,~DATA~,~DATA~,~DATA~
~DATA~,~DATA~,~DATA~,~DATA~,~DATA~,~DATA~,~DATA~
~DATA~,~DATA~,~DATA~,~DATA~,~DATA~,~DATA~,~DATA~
~DATA~,~DATA~,~DATA~,~DATA~,~DATA~,~DATA~,~DATA~
~DATA~,~DATA~,~DATA~,~DATA~,~DATA~,~DATA~,~DATA~
~DATA~,~DATA~,~DATA~,~DATA~,~DATA~,~DATA~,~DATA~
~DATA~,~DATA~,~DATA~,~DATA~,~DATA~,~DATA~,~DATA~
~DATA~,~DATA~,~DATA~,~DATA~,~DATA~,~DATA~,~DATA~
~DATA~,~DATA~,~DATA~,~DATA~,~DATA~,~DATA~,~DATA~
~DATA~,~DATA~,~DATA~,~DATA~,~DATA~,~DATA~,~DATA~
~DATA~,~DATA~,~DATA~,~DATA~,~DATA~,~DATA~,~DATA~
~DATA~,~DATA~,~DATA~,~DATA~,~DATA~,~DATA~,~DATA~
~DATA~,~DATA~,~DATA~,~DATA~,~DATA~,~DATA~,~DATA~
~DATA~,~DATA~,~DATA~,~DATA~,~DATA~,~DATA~,~DATA~
~DATA~,~DATA~,~DATA~,~DATA~,~DATA~,~DATA~,~DATA~
~DATA~,~DATA~,~DATA~,~DATA~,~DATA~,~DATA~,~DATA~
~DATA~,~DATA~,~DATA~,~DATA~,~DATA~,~DATA~,~DATA~
~DATA~,~DATA~,~DATA~,~DATA~,~DATA~,~DATA~,~DATA~
~DATA~,~DATA~,~DATA~,~DATA~,~DATA~,~DATA~,~DATA~
~DATA~,~DATA~,~DATA~,~DATA~,~DATA~,~DATA~,~DATA~
~DATA~,~DATA~,~DATA~,~DATA~,~DATA~,~DATA~,~DATA~
~DATA~,~DATA~,~DATA~,~DATA~,~DATA~,~DATA~,~DATA~
~DATA~,~DATA~,~DATA~,~DATA~,~DATA~,~DATA~,~DATA~
~DATA~,~DATA~,~DATA~,~DATA~,~DATA~,~DATA~,~DATA~
~DATA~,~DATA~,~DATA~,~DATA~,~DATA~,~DATA~,~DATA~
~DATA~,~DATA~,~DATA~,~DATA~,~DATA~,~DATA~,~DATA~
~DATA~,~DATA~,~DATA~,~DATA~,~DATA~,~DATA~,~DATA~
~DATA~,~DATA~,~DATA~,~DATA~,~DATA~,~DATA~,~DATA~
~DATA~,~DATA~,~DATA~,~DATA~,~DATA~,~DATA~,~DATA~
~DATA~,~DATA~,~DATA~,~DATA~,~DATA~,~DATA~,~DATA~
~DATA~,~DATA~,~DATA~,~DATA~,~DATA~,~DATA~,~DATA~
~DATA~,~DATA~,~DATA~,~DATA~,~DATA~,~DATA~,~DATA~
~DATA~,~DATA~,~DATA~,~DATA~,~DATA~,~DATA~,~DATA~
~DATA~,~DATA~,~DATA~,~DATA~,~DATA~,~DATA~,~DATA~
~DATA~,~DATA~,~DATA~,~DATA~,~DATA~,~DATA~,~DATA~
~DATA~,~DATA~,~DATA~,~DATA~,~DATA~,~DATA~,~DATA~
~DATA~,~DATA~,~DATA~,~DATA~,~DATA~,~DATA~,~DATA~
~DATA~,~DATA~,~DATA~,~DATA~,~DATA~,~DATA~,~DATA~
~DATA~,~DATA~,~DATA~,~DATA~,~DATA~,~DATA~,~DATA~
~DATA~,~DATA~,~DATA~,~DATA~,~DATA~,~DATA~,~DATA~
~DATA~,~DATA~,~DATA~,~DATA~,~DATA~,~DATA~,~DATA~
~DATA~,~DATA~,~DATA~,~DATA~,~DATA~,~DATA~,~DATA~
~DATA~,~DATA~,~DATA~,~DATA~,~DATA~,~DATA~,~DATA~
~DATA~,~DATA~,~DATA~,~DATA~,~DATA~,~DATA~,~DATA~
~DATA~,~DATA~,~DATA~,~DATA~,~DATA~,~DATA~,~DATA~
~DATA~,~DATA~,~DATA~,~DATA~,~DATA~,~DATA~,~DATA~
~DATA~,~DATA~,~DATA~,~DATA~,~DATA~,~DATA~,~DATA~
~DATA~,~DATA~,~DATA~,~DATA~,~DATA~,~DATA~,~DATA~
~DATA~,~DATA~,~DATA~,~DATA~,~DATA~,~DATA~,~DATA~
~DATA~,~DATA~,~DATA~,~DATA~,~DATA~,~DATA~,~DATA~
~DATA~,~DATA~,~DATA~,~DATA~,~DATA~,~DATA~,~DATA~
~DATA~,~DATA~,~DATA~,~DATA~,~DATA~,~DATA~,~DATA~
~DATA~,~DATA~,~DATA~,~DATA~,~DATA~,~DATA~,~DATA~
~DATA~,~DATA~,~DATA~,~DATA~,~DATA~,~DATA~,~DATA~
~DATA~,~DATA~,~DATA~,~DATA~,~DATA~,~DATA~,~DATA~
~DATA~,~DATA~,~DATA~,~DATA~,~DATA~,~DATA~,~DATA~
~DATA~,~DATA~,~DATA~,~DATA~,~DATA~,~DATA~,~DATA~
~DATA~,~DATA~,~DATA~,~DATA~,~DATA~,~DATA~,~DATA~
~DATA~,~DATA~,~DATA~,~DATA~,~DATA~,~DATA~,~DATA~
~DATA~,~DATA~,~DATA~,~DATA~,~DATA~,~DATA~,~DATA~
~DATA~,~DATA~,~DATA~,~DATA~,~DATA~,~DATA~,~DATA~
~DATA~,~DATA~,~DATA~,~DATA~,~DATA~,~DATA~,~DATA~
~DATA~,~DATA~,~DATA~,~DATA~,~DATA~,~DATA~,~DATA~
~DATA~,~DATA~,~DATA~,~DATA~,~DATA~,~DATA~,~DATA~
~DATA~,~DATA~,~DATA~,~DATA~,~DATA~,~DATA~,~DATA~
~DATA~,~DATA~,~DATA~,~DATA~,~DATA~,~DATA~,~DATA~
~DATA~,~DATA~,~DATA~,~DATA~,~DATA~,~DATA~,~DATA~
~DATA~,~DATA~,~DATA~,~DATA~,~DATA~,~DATA~,~DATA~
~DATA~,~DATA~,~DATA~,~DATA~,~DATA~,~DATA~,~DATA~
~DATA~,~DATA~,~DATA~,~DATA~,~DATA~,~DATA~,~DATA~
~DATA~,~DATA~,~DATA~,~DATA~,~DATA~,~DATA~,~DATA~
~DATA~,~DATA~,~DATA~,~DATA~,~DATA~,~DATA~,~DATA~
~DATA~,~DATA~,~DATA~,~DATA~,~DATA~,~DATA~,~DATA~
~DATA~,~DATA~,~DATA~,~DATA~,~DATA~,~DATA~,~DATA~
~DATA~,~DATA~,~DATA~,~DATA~,~DATA~,~DATA~,~DATA~
~DATA~,~DATA~,~DATA~,~DATA~,~DATA~,~DATA~,~DATA~
~DATA~,~DATA~,~DATA~,~DATA~,~DATA~,~DATA~,~DATA~
~DATA~,~DATA~,~DATA~,~DATA~,~DATA~,~DATA~,~DATA~
~DATA~,~DATA~,~DATA~,~DATA~,~DATA~,~DATA~,~DATA~
~DATA~,~DATA~,~DATA~,~DATA~,~DATA~,~DATA~,~DATA~
~DATA~,~DATA~,~DATA~,~DATA~,~DATA~,~DATA~,~DATA~
~DATA~,~DATA~,~DATA~,~DATA~,~DATA~,~DATA~,~DATA~
~DATA~,~DATA~,~DATA~,~DATA~,~DATA~,~DATA~,~DATA~
~DATA~,~DATA~,~DATA~,~DATA~,~DATA~,~DATA~,~DATA~
~DATA~,~DATA~,~DATA~,~DATA~,~DATA~,~DATA~,~DATA~
~DATA~,~DATA~,~DATA~,~DATA~,~DATA~,~DATA~,~DATA~
~DATA~,~DATA~,~DATA~,~DATA~,~DATA~,~DATA~,~DATA~
~DATA~,~DATA~,~DATA~,~DATA~,~DATA~,~DATA~,~DATA~
~DATA~,~DATA~,~DATA~,~DATA~,~DATA~,~DATA~,~DATA~
~DATA~,~DATA~,~DATA~,~DATA~,~DATA~,~DATA~,~DATA~
~DATA~,~DATA~,~DATA~,~DATA~,~DATA~,~DATA~,~DATA~
~DATA~,~DATA~,~DATA~,~DATA~,~DATA~,~DATA~,~DATA~
~DATA~,~DATA~,~DATA~,~DATA~,~DATA~,~DATA~,~DATA~
~DATA~,~DATA~,~DATA~,~DATA~,~DATA~,~DATA~,~DATA~
~DATA~,~DATA~,~DATA~,~DATA~,~DATA~,~DATA~,~DATA~
~DATA~,~DATA~,~DATA~,~DATA~,~DATA~,~DATA~,~DATA~
~DATA~,~DATA~,~DATA~,~DATA~,~DATA~,~DATA~,~DATA~
~DATA~,~DATA~,~DATA~,~DATA~,~DATA~,~DATA~,~DATA~
~DATA~,~DATA~,~DATA~,~DATA~,~DATA~,~DATA~,~DATA~
~DATA~,~DATA~,~DATA~,~DATA~,~DATA~,~DATA~,~DATA~
~DATA~,~DATA~,~DATA~,~DATA~,~DATA~,~DATA~,~DATA~
~DATA~,~DATA~,~DATA~,~DATA~,~DATA~,~DATA~,~DATA~
~DATA~,~DATA~,~DATA~,~DATA~,~DATA~,~DATA~,~DATA~
~DATA~,~DATA~,~DATA~,~DATA~,~DATA~,~DATA~,~DATA~
~DATA~,~DATA~,~DATA~,~DATA~,~DATA~,~DATA~,~DATA~
~DATA~,~DATA~,~DATA~,~DATA~,~DATA~,~DATA~,~DATA~
~DATA~,~DATA~,~DATA~,~DATA~,~DATA~,~DATA~,~DATA~
~DATA~,~DATA~,~DATA~,~DATA~,~DATA~,~DATA~,~DATA~
~DATA~,~DATA~,~DATA~,~DATA~,~DATA~,~DATA~,~DATA~
~DATA~,~DATA~,~DATA~,~DATA~,~DATA~,~DATA~,~DATA~
~DATA~,~DATA~,~DATA~,~DATA~,~DATA~,~DATA~,~DATA~
~DATA~,~DATA~,~DATA~,~DATA~,~DATA~,~DATA~,~DATA~
~DATA~,~DATA~,~DATA~,~DATA~,~DATA~,~DATA~,~DATA~
~DATA~,~DATA~,~DATA~,~DATA~,~DATA~,~DATA~,~DATA~
~DATA~,~DATA~,~DATA~,~DATA~,~DATA~,~DATA~,~DATA~
~DATA~,~DATA~,~DATA~,~DATA~,~DATA~,~DATA~,~DATA~
~DATA~,~DATA~,~DATA~,~DATA~,~DATA~,~DATA~,~DATA~
~DATA~,~DATA~,~DATA~,~DATA~,~DATA~,~DATA~,~DATA~
~DATA~,~DATA~,~DATA~,~DATA~,~DATA~,~DATA~,~DATA~
~DATA~,~DATA~,~DATA~,~DATA~,~DATA~,~DATA~,~DATA~
~DATA~,~DATA~,~DATA~,~DATA~,~DATA~,~DATA~,~DATA~
~DATA~,~DATA~,~DATA~,~DATA~,~DATA~,~DATA~,~DATA~
~DATA~,~DATA~,~DATA~,~DATA~,~DATA~,~DATA~,~DATA~
~DATA~,~DATA~,~DATA~,~DATA~,~DATA~,~DATA~,~DATA~
~DATA~,~DATA~,~DATA~,~DATA~,~DATA~,~DATA~,~DATA~
~DATA~,~DATA~,~DATA~,~DATA~,~DATA~,~DATA~,~DATA~
~DATA~,~DATA~,~DATA~,~DATA~,~DATA~,~DATA~,~DATA~
~DATA~,~DATA~,~DATA~,~DATA~,~DATA~,~DATA~,~DATA~
~DATA~,~DATA~,~DATA~,~DATA~,~DATA~,~DATA~,~DATA~
~DATA~,~DATA~,~DATA~,~DATA~,~DATA~,~DATA~,~DATA~
~DATA~,~DATA~,~DATA~,~DATA~,~DATA~,~DATA~,~DATA~
~DATA~,~DATA~,~DATA~,~DATA~,~DATA~,~DATA~,~DATA~
~DATA~,~DATA~,~DATA~,~DATA~,~DATA~,~DATA~,~DATA~
~DATA~,~DATA~,~DATA~,~DATA~,~DATA~,~DATA~,~DATA~
~DATA~,~DATA~,~DATA~,~DATA~,~DATA~,~DATA~,~DATA~
~DATA~,~DATA~,~DATA~,~DATA~,~DATA~,~DATA~,~DATA~
~DATA~,~DATA~,~DATA~,~DATA~,~DATA~,~DATA~,~DATA~
~DATA~,~DATA~,~DATA~,~DATA~,~DATA~,~DATA~,~DATA~
~DATA~,~DATA~,~DATA~,~DATA~,~DATA~,~DATA~,~DATA~
~DATA~,~DATA~,~DATA~,~DATA~,~DATA~,~DATA~,~DATA~
~DATA~,~DATA~,~DATA~,~DATA~,~DATA~,~DATA~,~DATA~
~DATA~,~DATA~,~DATA~,~DATA~,~DATA~,~DATA~,~DATA~
~DATA~,~DATA~,~DATA~,~DATA~,~DATA~,~DATA~,~DATA~
~DATA~,~DATA~,~DATA~,~DATA~,~DATA~,~DATA~,~DATA~
~DATA~,~DATA~,~DATA~,~DATA~,~DATA~,~DATA~,~DATA~
~DATA~,~DATA~,~DATA~,~DATA~,~DATA~,~DATA~,~DATA~
~DATA~,~DATA~,~DATA~,~DATA~,~DATA~,~DATA~,~DATA~
~DATA~,~DATA~,~DATA~,~DATA~,~DATA~,~DATA~,~DATA~
~DATA~,~DATA~,~DATA~,~DATA~,~DATA~,~DATA~,~DATA~
~DATA~,~DATA~,~DATA~,~DATA~,~DATA~,~DATA~,~DATA~
~DATA~,~DATA~,~DATA~,~DATA~,~DATA~,~DATA~,~DATA~
~DATA~,~DATA~,~DATA~,~DATA~,~DATA~,~DATA~,~DATA~
~DATA~,~DATA~,~DATA~,~DATA~,~DATA~,~DATA~,~DATA~
~DATA~,~DATA~,~DATA~,~DATA~,~DATA~,~DATA~,~DATA~
~DATA~,~DATA~,~DATA~,~DATA~,~DATA~,~DATA~,~DATA~
~DATA~,~DATA~,~DATA~,~DATA~,~DATA~,~DATA~,~DATA~
~DATA~,~DATA~,~DATA~,~DATA~,~DATA~,~DATA~,~DATA~
~DATA~,~DATA~,~DATA~,~DATA~,~DATA~,~DATA~,~DATA~
~DATA~,~DATA~,~DATA~,~DATA~,~DATA~,~DATA~,~DATA~
~DATA~,~DATA~,~DATA~,~DATA~,~DATA~,~DATA~,~DATA~
~DATA~,~DATA~,~DATA~,~DATA~,~DATA~,~DATA~,~DATA~
~DATA~,~DATA~,~DATA~,~DATA~,~DATA~,~DATA~,~DATA~
~DATA~,~DATA~,~DATA~,~DATA~,~DATA~,~DATA~,~DATA~
~DATA~,~DATA~,~DATA~,~DATA~,~DATA~,~DATA~,~DATA~
~DATA~,~DATA~,~DATA~,~DATA~,~DATA~,~DATA~,~DATA~
~DATA~,~DATA~,~DATA~,~DATA~,~DATA~,~DATA~,~DATA~
~DATA~,~DATA~,~DATA~,~DATA~,~DATA~,~DATA~,~DATA~
~DATA~,~DATA~,~DATA~,~DATA~,~DATA~,~DATA~,~DATA~
~DATA~,~DATA~,~DATA~,~DATA~,~DATA~,~DATA~,~DATA~
~DATA~,~DATA~,~DATA~,~DATA~,~DATA~,~DATA~,~DATA~
~DATA~,~DATA~,~DATA~,~DATA~,~DATA~,~DATA~,~DATA~
~DATA~,~DATA~,~DATA~,~DATA~,~DATA~,~DATA~,~DATA~
~DATA~,~DATA~,~DATA~,~DATA~,~DATA~,~DATA~,~DATA~
~DATA~,~DATA~,~DATA~,~DATA~,~DATA~,~DATA~,~DATA~
~DATA~,~DATA~,~DATA~,~DATA~,~DATA~,~DATA~,~DATA~
~DATA~,~DATA~,~DATA~,~DATA~,~DATA~,~DATA~,~DATA~
~DATA~,~DATA~,~DATA~,~DATA~,~DATA~,~DATA~,~DATA~
~DATA~,~DATA~,~DATA~,~DATA~,~DATA~,~DATA~,~DATA~
~DATA~,~DATA~,~DATA~,~DATA~,~DATA~,~DATA~,~DATA~
~DATA~,~DATA~,~DATA~,~DATA~,~DATA~,~DATA~,~DATA~
~DATA~,~DATA~,~DATA~,~DATA~,~DATA~,~DATA~,~DATA~
~DATA~,~DATA~,~DATA~,~DATA~,~DATA~,~DATA~,~DATA~
~DATA~,~DATA~,~DATA~,~DATA~,~DATA~,~DATA~,~DATA~
~DATA~,~DATA~,~DATA~,~DATA~,~DATA~,~DATA~,~DATA~
~DATA~,~DATA~,~DATA~,~DATA~,~DATA~,~DATA~,~DATA~
~DATA~,~DATA~,~DATA~,~DATA~,~DATA~,~DATA~,~DATA~
~DATA~,~DATA~,~DATA~,~DATA~,~DATA~,~DATA~,~DATA~
~DATA~,~DATA~,~DATA~,~DATA~,~DATA~,~DATA~,~DATA~
~DATA~,~DATA~,~DATA~,~DATA~,~DATA~,~DATA~,~DATA~
~DATA~,~DATA~,~DATA~,~DATA~,~DATA~,~DATA~,~DATA~
~DATA~,~DATA~,~DATA~,~DATA~,~DATA~,~DATA~,~DATA~
~DATA~,~DATA~,~DATA~,~DATA~,~DATA~,~DATA~,~DATA~
~DATA~,~DATA~,~DATA~,~DATA~,~DATA~,~DATA~,~DATA~
~DATA~,~DATA~,~DATA~,~DATA~,~DATA~,~DATA~,~DATA~
~DATA~,~DATA~,~DATA~,~DATA~,~DATA~,~DATA~,~DATA~
~DATA~,~DATA~,~DATA~,~DATA~,~DATA~,~DATA~,~DATA~
~DATA~,~DATA~,~DATA~,~DATA~,~DATA~,~DATA~,~DATA~
~DATA~,~DATA~,~DATA~,~DATA~,~DATA~,~DATA~,~DATA~
~DATA~,~DATA~,~DATA~,~DATA~,~DATA~,~DATA~,~DATA~
~DATA~,~DATA~,~DATA~,~DATA~,~DATA~,~DATA~,~DATA~
~DATA~,~DATA~,~DATA~,~DATA~,~DATA~,~DATA~,~DATA~
~DATA~,~DATA~,~DATA~,~DATA~,~DATA~,~DATA~,~DATA~
~DATA~,~DATA~,~DATA~,~DATA~,~DATA~,~DATA~,~DATA~
~DATA~,~DATA~,~DATA~,~DATA~,~DATA~,~DATA~,~DATA~
~DATA~,~DATA~,~DATA~,~DATA~,~DATA~,~DATA~,~DATA~
~DATA~,~DATA~,~DATA~,~DATA~,~DATA~,~DATA~,~DATA~
~DATA~,~DATA~,~DATA~,~DATA~,~DATA~,~DATA~,~DATA~
~DATA~,~DATA~,~DATA~,~DATA~,~DATA~,~DATA~,~DATA~
~DATA~,~DATA~,~DATA~,~DATA~,~DATA~,~DATA~,~DATA~
~DATA~,~DATA~,~DATA~,~DATA~,~DATA~,~DATA~,~DATA~
~DATA~,~DATA~,~DATA~,~DATA~,~DATA~,~DATA~,~DATA~
~DATA~,~DATA~,~DATA~,~DATA~,~DATA~,~DATA~,~DATA~
~DATA~,~DATA~,~DATA~,~DATA~,~DATA~,~DATA~,~DATA~
~DATA~,~DATA~,~DATA~,~DATA~,~DATA~,~DATA~,~DATA~
~DATA~,~DATA~,~DATA~,~DATA~,~DATA~,~DATA~,~DATA~
~DATA~,~DATA~,~DATA~,~DATA~,~DATA~,~DATA~,~DATA~
~DATA~,~DATA~,~DATA~,~DATA~,~DATA~,~DATA~,~DATA~
~DATA~,~DATA~,~DATA~,~DATA~,~DATA~,~DATA~,~DATA~
~DATA~,~DATA~,~DATA~,~DATA~,~DATA~,~DATA~,~DATA~
~DATA~,~DATA~,~DATA~,~DATA~,~DATA~,~DATA~,~DATA~
~DATA~,~DATA~,~DATA~,~DATA~,~DATA~,~DATA~,~DATA~
~DATA~,~DATA~,~DATA~,~DATA~,~DATA~,~DATA~,~DATA~
~DATA~,~DATA~,~DATA~,~DATA~,~DATA~,~DATA~,~DATA~
~DATA~,~DATA~,~DATA~,~DATA~,~DATA~,~DATA~,~DATA~
~DATA~,~DATA~,~DATA~,~DATA~,~DATA~,~DATA~,~DATA~
~DATA~,~DATA~,~DATA~,~DATA~,~DATA~,~DATA~,~DATA~
~DATA~,~DATA~,~DATA~,~DATA~,~DATA~,~DATA~,~DATA~
~DATA~,~DATA~,~DATA~,~DATA~,~DATA~,~DATA~,~DATA~
~DATA~,~DATA~,~DATA~,~DATA~,~DATA~,~DATA~,~DATA~
~DATA~,~DATA~,~DATA~,~DATA~,~DATA~,~DATA~,~DATA~
~DATA~,~DATA~,~DATA~,~DATA~,~DATA~,~DATA~,~DATA~
~DATA~,~DATA~,~DATA~,~DATA~,~DATA~,~DATA~,~DATA~
~DATA~,~DATA~,~DATA~,~DATA~,~DATA~,~DATA~,~DATA~
~DATA~,~DATA~,~DATA~,~DATA~,~DATA~,~DATA~,~DATA~
~DATA~,~DATA~,~DATA~,~DATA~,~DATA~,~DATA~,~DATA~
~DATA~,~DATA~,~DATA~,~DATA~,~DATA~,~DATA~,~DATA~
~DATA~,~DATA~,~DATA~,~DATA~,~DATA~,~DATA~,~DATA~
~DATA~,~DATA~,~DATA~,~DATA~,~DATA~,~DATA~,~DATA~
~DATA~,~DATA~,~DATA~,~DATA~,~DATA~,~DATA~,~DATA~
~DATA~,~DATA~,~DATA~,~DATA~,~DATA~,~DATA~,~DATA~
~DATA~,~DATA~,~DATA~,~DATA~,~DATA~,~DATA~,~DATA~
~DATA~,~DATA~,~DATA~,~DATA~,~DATA~,~DATA~,~DATA~
~DATA~,~DATA~,~DATA~,~DATA~,~DATA~,~DATA~,~DATA~
~DATA~,~DATA~,~DATA~,~DATA~,~DATA~,~DATA~,~DATA~
~DATA~,~DATA~,~DATA~,~DATA~,~DATA~,~DATA~,~DATA~
~DATA~,~DATA~,~DATA~,~DATA~,~DATA~,~DATA~,~DATA~
~DATA~,~DATA~,~DATA~,~DATA~,~DATA~,~DATA~,~DATA~
~DATA~,~DATA~,~DATA~,~DATA~,~DATA~,~DATA~,~DATA~
~DATA~,~DATA~,~DATA~,~DATA~,~DATA~,~DATA~,~DATA~
~DATA~,~DATA~,~DATA~,~DATA~,~DATA~,~DATA~,~DATA~
~DATA~,~DATA~,~DATA~,~DATA~,~DATA~,~DATA~,~DATA~
~DATA~,~DATA~,~DATA~,~DATA~,~DATA~,~DATA~,~DATA~
~DATA~,~DATA~,~DATA~,~DATA~,~DATA~,~DATA~,~DATA~
~DATA~,~DATA~,~DATA~,~DATA~,~DATA~,~DATA~,~DATA~
~DATA~,~DATA~,~DATA~,~DATA~,~DATA~,~DATA~,~DATA~
~DATA~,~DATA~,~DATA~,~DATA~,~DATA~,~DATA~,~DATA~
~DATA~,~DATA~,~DATA~,~DATA~,~DATA~,~DATA~,~DATA~
~DATA~,~DATA~,~DATA~,~DATA~,~DATA~,~DATA~,~DATA~
~DATA~,~DATA~,~DATA~,~DATA~,~DATA~,~DATA~,~DATA~
~DATA~,~DATA~,~DATA~,~DATA~,~DATA~,~DATA~,~DATA~
~DATA~,~DATA~,~DATA~,~DATA~,~DATA~,~DATA~,~DATA~
~DATA~,~DATA~,~DATA~,~DATA~,~DATA~,~DATA~,~DATA~
~DATA~,~DATA~,~DATA~,~DATA~,~DATA~,~DATA~,~DATA~
~DATA~,~DATA~,~DATA~,~DATA~,~DATA~,~DATA~,~DATA~
~DATA~,~DATA~,~DATA~,~DATA~,~DATA~,~DATA~,~DATA~
~DATA~,~DATA~,~DATA~,~DATA~,~DATA~,~DATA~,~DATA~
~DATA~,~DATA~,~DATA~,~DATA~,~DATA~,~DATA~,~DATA~
~DATA~,~DATA~,~DATA~,~DATA~,~DATA~,~DATA~,~DATA~
~DATA~,~DATA~,~DATA~,~DATA~,~DATA~,~DATA~,~DATA~
~DATA~,~DATA~,~DATA~,~DATA~,~DATA~,~DATA~,~DATA~
~DATA~,~DATA~,~DATA~,~DATA~,~DATA~,~DATA~,~DATA~
~DATA~,~DATA~,~DATA~,~DATA~,~DATA~,~DATA~,~DATA~
~DATA~,~DATA~,~DATA~,~DATA~,~DATA~,~DATA~,~DATA~
~DATA~,~DATA~,~DATA~,~DATA~,~DATA~,~DATA~,~DATA~
~DATA~,~DATA~,~DATA~,~DATA~,~DATA~,~DATA~,~DATA~
~DATA~,~DATA~,~DATA~,~DATA~,~DATA~,~DATA~,~DATA~
~DATA~,~DATA~,~DATA~,~DATA~,~DATA~,~DATA~,~DATA~
~DATA~,~DATA~,~DATA~,~DATA~,~DATA~,~DATA~,~DATA~
~DATA~,~DATA~,~DATA~,~DATA~,~DATA~,~DATA~,~DATA~
~DATA~,~DATA~,~DATA~,~DATA~,~DATA~,~DATA~,~DATA~
~DATA~,~DATA~,~DATA~,~DATA~,~DATA~,~DATA~,~DATA~
~DATA~,~DATA~,~DATA~,~DATA~,~DATA~,~DATA~,~DATA~
~DATA~,~DATA~,~DATA~,~DATA~,~DATA~,~DATA~,~DATA~
~DATA~,~DATA~,~DATA~,~DATA~,~DATA~,~DATA~,~DATA~
~DATA~,~DATA~,~DATA~,~DATA~,~DATA~,~DATA~,~DATA~
~DATA~,~DATA~,~DATA~,~DATA~,~DATA~,~DATA~,~DATA~
~DATA~,~DATA~,~DATA~,~DATA~,~DATA~,~DATA~,~DATA~
~DATA~,~DATA~,~DATA~,~DATA~,~DATA~,~DATA~,~DATA~
~DATA~,~DATA~,~DATA~,~DATA~,~DATA~,~DATA~,~DATA~
~DATA~,~DATA~,~DATA~,~DATA~,~DATA~,~DATA~,~DATA~
~DATA~,~DATA~,~DATA~,~DATA~,~DATA~,~DATA~,~DATA~
~DATA~,~DATA~,~DATA~,~DATA~,~DATA~,~DATA~,~DATA~
~DATA~,~DATA~,~DATA~,~DATA~,~DATA~,~DATA~,~DATA~
~DATA~,~DATA~,~DATA~,~DATA~,~DATA~,~DATA~,~DATA~
~DATA~,~DATA~,~DATA~,~DATA~,~DATA~,~DATA~,~DATA~
~DATA~,~DATA~,~DATA~,~DATA~,~DATA~,~DATA~,~DATA~
~DATA~,~DATA~,~DATA~,~DATA~,~DATA~,~DATA~,~DATA~
~DATA~,~DATA~,~DATA~,~DATA~,~DATA~,~DATA~,~DATA~
~DATA~,~DATA~,~DATA~,~DATA~,~DATA~,~DATA~,~DATA~
~DATA~,~DATA~,~DATA~,~DATA~,~DATA~,~DATA~,~DATA~
~DATA~,~DATA~,~DATA~,~DATA~,~DATA~,~DATA~,~DATA~
~DATA~,~DATA~,~DATA~,~DATA~,~DATA~,~DATA~,~DATA~
~DATA~,~DATA~,~DATA~,~DATA~,~DATA~,~DATA~,~DATA~
~DATA~,~DATA~,~DATA~,~DATA~,~DATA~,~DATA~,~DATA~
~DATA~,~DATA~,~DATA~,~DATA~,~DATA~,~DATA~,~DATA~
~DATA~,~DATA~,~DATA~,~DATA~,~DATA~,~DATA~,~DATA~
~DATA~,~DATA~,~DATA~,~DATA~,~DATA~,~DATA~,~DATA~
~DATA~,~DATA~,~DATA~,~DATA~,~DATA~,~DATA~,~DATA~
~DATA~,~DATA~,~DATA~,~DATA~,~DATA~,~DATA~,~DATA~
~DATA~,~DATA~,~DATA~,~DATA~,~DATA~,~DATA~,~DATA~
~DATA~,~DATA~,~DATA~,~DATA~,~DATA~,~DATA~,~DATA~
~DATA~,~DATA~,~DATA~,~DATA~,~DATA~,~DATA~,~DATA~
~DATA~,~DATA~,~DATA~,~DATA~,~DATA~,~DATA~,~DATA~
~DATA~,~DATA~,~DATA~,~DATA~,~DATA~,~DATA~,~DATA~
~DATA~,~DATA~,~DATA~,~DATA~,~DATA~,~DATA~,~DATA~
~DATA~,~DATA~,~DATA~,~DATA~,~DATA~,~DATA~,~DATA~
~DATA~,~DATA~,~DATA~,~DATA~,~DATA~,~DATA~,~DATA~
~DATA~,~DATA~,~DATA~,~DATA~,~DATA~,~DATA~,~DATA~
~DATA~,~DATA~,~DATA~,~DATA~,~DATA~,~DATA~,~DATA~
~DATA~,~DATA~,~DATA~,~DATA~,~DATA~,~DATA~,~DATA~
~DATA~,~DATA~,~DATA~,~DATA~,~DATA~,~DATA~,~DATA~
~DATA~,~DATA~,~DATA~,~DATA~,~DATA~,~DATA~,~DATA~
~DATA~,~DATA~,~DATA~,~DATA~,~DATA~,~DATA~,~DATA~
~DATA~,~DATA~,~DATA~,~DATA~,~DATA~,~DATA~,~DATA~
~DATA~,~DATA~,~DATA~,~DATA~,~DATA~,~DATA~,~DATA~
~DATA~,~DATA~,~DATA~,~DATA~,~DATA~,~DATA~,~DATA~
~DATA~,~DATA~,~DATA~,~DATA~,~DATA~,~DATA~,~DATA~
~DATA~,~DATA~,~DATA~,~DATA~,~DATA~,~DATA~,~DATA~
~DATA~,~DATA~,~DATA~,~DATA~,~DATA~,~DATA~,~DATA~
~DATA~,~DATA~,~DATA~,~DATA~,~DATA~,~DATA~,~DATA~
~DATA~,~DATA~,~DATA~,~DATA~,~DATA~,~DATA~,~DATA~
~DATA~,~DATA~,~DATA~,~DATA~,~DATA~,~DATA~,~DATA~
~DATA~,~DATA~,~DATA~,~DATA~,~DATA~,~DATA~,~DATA~
~DATA~,~DATA~,~DATA~,~DATA~,~DATA~,~DATA~,~DATA~
~DATA~,~DATA~,~DATA~,~DATA~,~DATA~,~DATA~,~DATA~
~DATA~,~DATA~,~DATA~,~DATA~,~DATA~,~DATA~,~DATA~
~DATA~,~DATA~,~DATA~,~DATA~,~DATA~,~DATA~,~DATA~
~DATA~,~DATA~,~DATA~,~DATA~,~DATA~,~DATA~,~DATA~
~DATA~,~DATA~,~DATA~,~DATA~,~DATA~,~DATA~,~DATA~
~DATA~,~DATA~,~DATA~,~DATA~,~DATA~,~DATA~,~DATA~
~DATA~,~DATA~,~DATA~,~DATA~,~DATA~,~DATA~,~DATA~
~DATA~,~DATA~,~DATA~,~DATA~,~DATA~,~DATA~,~DATA~
~DATA~,~DATA~,~DATA~,~DATA~,~DATA~,~DATA~,~DATA~
~DATA~,~DATA~,~DATA~,~DATA~,~DATA~,~DATA~,~DATA~
~DATA~,~DATA~,~DATA~,~DATA~,~DATA~,~DATA~,~DATA~
~DATA~,~DATA~,~DATA~,~DATA~,~DATA~,~DATA~,~DATA~
~DATA~,~DATA~,~DATA~,~DATA~,~DATA~,~DATA~,~DATA~
~DATA~,~DATA~,~DATA~,~DATA~,~DATA~,~DATA~,~DATA~
~DATA~,~DATA~,~DATA~,~DATA~,~DATA~,~DATA~,~DATA~
~DATA~,~DATA~,~DATA~,~DATA~,~DATA~,~DATA~,~DATA~
~DATA~,~DATA~,~DATA~,~DATA~,~DATA~,~DATA~,~DATA~
~DATA~,~DATA~,~DATA~,~DATA~,~DATA~,~DATA~,~DATA~
~DATA~,~DATA~,~DATA~,~DATA~,~DATA~,~DATA~,~DATA~
~DATA~,~DATA~,~DATA~,~DATA~,~DATA~,~DATA~,~DATA~
~DATA~,~DATA~,~DATA~,~DATA~,~DATA~,~DATA~,~DATA~
~DATA~,~DATA~,~DATA~,~DATA~,~DATA~,~DATA~,~DATA~
~DATA~,~DATA~,~DATA~,~DATA~,~DATA~,~DATA~,~DATA~
~DATA~,~DATA~,~DATA~,~DATA~,~DATA~,~DATA~,~DATA~
~DATA~,~DATA~,~DATA~,~DATA~,~DATA~,~DATA~,~DATA~
~DATA~,~DATA~,~DATA~,~DATA~,~DATA~,~DATA~,~DATA~
~DATA~,~DATA~,~DATA~,~DATA~,~DATA~,~DATA~,~DATA~
~DATA~,~DATA~,~DATA~,~DATA~,~DATA~,~DATA~,~DATA~
~DATA~,~DATA~,~DATA~,~DATA~,~DATA~,~DATA~,~DATA~
~DATA~,~DATA~,~DATA~,~DATA~,~DATA~,~DATA~,~DATA~
~DATA~,~DATA~,~DATA~,~DATA~,~DATA~,~DATA~,~DATA~
~DATA~,~DATA~,~DATA~,~DATA~,~DATA~,~DATA~,~DATA~
~DATA~,~DATA~,~DATA~,~DATA~,~DATA~,~DATA~,~DATA~
~DATA~,~DATA~,~DATA~,~DATA~,~DATA~,~DATA~,~DATA~
~DATA~,~DATA~,~DATA~,~DATA~,~DATA~,~DATA~,~DATA~
~DATA~,~DATA~,~DATA~,~DATA~,~DATA~,~DATA~,~DATA~
~DATA~,~DATA~,~DATA~,~DATA~,~DATA~,~DATA~,~DATA~
~DATA~,~DATA~,~DATA~,~DATA~,~DATA~,~DATA~,~DATA~
~DATA~,~DATA~,~DATA~,~DATA~,~DATA~,~DATA~,~DATA~
~DATA~,~DATA~,~DATA~,~DATA~,~DATA~,~DATA~,~DATA~
~DATA~,~DATA~,~DATA~,~DATA~,~DATA~,~DATA~,~DATA~
~DATA~,~DATA~,~DATA~,~DATA~,~DATA~,~DATA~,~DATA~
~DATA~,~DATA~,~DATA~,~DATA~,~DATA~,~DATA~,~DATA~
~DATA~,~DATA~,~DATA~,~DATA~,~DATA~,~DATA~,~DATA~
~DATA~,~DATA~,~DATA~,~DATA~,~DATA~,~DATA~,~DATA~
~DATA~,~DATA~,~DATA~,~DATA~,~DATA~,~DATA~,~DATA~
~DATA~,~DATA~,~DATA~,~DATA~,~DATA~,~DATA~,~DATA~
~DATA~,~DATA~,~DATA~,~DATA~,~DATA~,~DATA~,~DATA~
~DATA~,~DATA~,~DATA~,~DATA~,~DATA~,~DATA~,~DATA~
~DATA~,~DATA~,~DATA~,~DATA~,~DATA~,~DATA~,~DATA~
~DATA~,~DATA~,~DATA~,~DATA~,~DATA~,~DATA~,~DATA~
~DATA~,~DATA~,~DATA~,~DATA~,~DATA~,~DATA~,~DATA~
~DATA~,~DATA~,~DATA~,~DATA~,~DATA~,~DATA~,~DATA~
~DATA~,~DATA~,~DATA~,~DATA~,~DATA~,~DATA~,~DATA~
~DATA~,~DATA~,~DATA~,~DATA~,~DATA~,~DATA~,~DATA~
~DATA~,~DATA~,~DATA~,~DATA~,~DATA~,~DATA~,~DATA~
~DATA~,~DATA~,~DATA~,~DATA~,~DATA~,~DATA~,~DATA~
~DATA~,~DATA~,~DATA~,~DATA~,~DATA~,~DATA~,~DATA~
~DATA~,~DATA~,~DATA~,~DATA~,~DATA~,~DATA~,~DATA~
~DATA~,~DATA~,~DATA~,~DATA~,~DATA~,~DATA~,~DATA~
~DATA~,~DATA~,~DATA~,~DATA~,~DATA~,~DATA~,~DATA~
~DATA~,~DATA~,~DATA~,~DATA~,~DATA~,~DATA~,~DATA~
~DATA~,~DATA~,~DATA~,~DATA~,~DATA~,~DATA~,~DATA~
~DATA~,~DATA~,~DATA~,~DATA~,~DATA~,~DATA~,~DATA~
~DATA~,~DATA~,~DATA~,~DATA~,~DATA~,~DATA~,~DATA~
~DATA~,~DATA~,~DATA~,~DATA~,~DATA~,~DATA~,~DATA~
~DATA~,~DATA~,~DATA~,~DATA~,~DATA~,~DATA~,~DATA~
~DATA~,~DATA~,~DATA~,~DATA~,~DATA~,~DATA~,~DATA~
~DATA~,~DATA~,~DATA~,~DATA~,~DATA~,~DATA~,~DATA~
~DATA~,~DATA~,~DATA~,~DATA~,~DATA~,~DATA~,~DATA~
~DATA~,~DATA~,~DATA~,~DATA~,~DATA~,~DATA~,~DATA~
~DATA~,~DATA~,~DATA~,~DATA~,~DATA~,~DATA~,~DATA~
~DATA~,~DATA~,~DATA~,~DATA~,~DATA~,~DATA~,~DATA~
~DATA~,~DATA~,~DATA~,~DATA~,~DATA~,~DATA~,~DATA~
~DATA~,~DATA~,~DATA~,~DATA~,~DATA~,~DATA~,~DATA~
~DATA~,~DATA~,~DATA~,~DATA~,~DATA~,~DATA~,~DATA~
~DATA~,~DATA~,~DATA~,~DATA~,~DATA~,~DATA~,~DATA~
~DATA~,~DATA~,~DATA~,~DATA~,~DATA~,~DATA~,~DATA~
~DATA~,~DATA~,~DATA~,~DATA~,~DATA~,~DATA~,~DATA~
~DATA~,~DATA~,~DATA~,~DATA~,~DATA~,~DATA~,~DATA~
~DATA~,~DATA~,~DATA~,~DATA~,~DATA~,~DATA~,~DATA~
~DATA~,~DATA~,~DATA~,~DATA~,~DATA~,~DATA~,~DATA~
~DATA~,~DATA~,~DATA~,~DATA~,~DATA~,~DATA~,~DATA~
~DATA~,~DATA~,~DATA~,~DATA~,~DATA~,~DATA~,~DATA~
~DATA~,~DATA~,~DATA~,~DATA~,~DATA~,~DATA~,~DATA~
~DATA~,~DATA~,~DATA~,~DATA~,~DATA~,~DATA~,~DATA~
~DATA~,~DATA~,~DATA~,~DATA~,~DATA~,~DATA~,~DATA~
~DATA~,~DATA~,~DATA~,~DATA~,~DATA~,~DATA~,~DATA~
~DATA~,~DATA~,~DATA~,~DATA~,~DATA~,~DATA~,~DATA~
~DATA~,~DATA~,~DATA~,~DATA~,~DATA~,~DATA~,~DATA~
~DATA~,~DATA~,~DATA~,~DATA~,~DATA~,~DATA~,~DATA~
~DATA~,~DATA~,~DATA~,~DATA~,~DATA~,~DATA~,~DATA~
~DATA~,~DATA~,~DATA~,~DATA~,~DATA~,~DATA~,~DATA~
~DATA~,~DATA~,~DATA~,~DATA~,~DATA~,~DATA~,~DATA~
~DATA~,~DATA~,~DATA~,~DATA~,~DATA~,~DATA~,~DATA~
~DATA~,~DATA~,~DATA~,~DATA~,~DATA~,~DATA~,~DATA~
~DATA~,~DATA~,~DATA~,~DATA~,~DATA~,~DATA~,~DATA~
~DATA~,~DATA~,~DATA~,~DATA~,~DATA~,~DATA~,~DATA~
~DATA~,~DATA~,~DATA~,~DATA~,~DATA~,~DATA~,~DATA~
~DATA~,~DATA~,~DATA~,~DATA~,~DATA~,~DATA~,~DATA~
~DATA~,~DATA~,~DATA~,~DATA~,~DATA~,~DATA~,~DATA~
~DATA~,~DATA~,~DATA~,~DATA~,~DATA~,~DATA~,~DATA~
~DATA~,~DATA~,~DATA~,~DATA~,~DATA~,~DATA~,~DATA~
~DATA~,~DATA~,~DATA~,~DATA~,~DATA~,~DATA~,~DATA~
~DATA~,~DATA~,~DATA~,~DATA~,~DATA~,~DATA~,~DATA~
~DATA~,~DATA~,~DATA~,~DATA~,~DATA~,~DATA~,~DATA~
~DATA~,~DATA~,~DATA~,~DATA~,~DATA~,~DATA~,~DATA~
~DATA~,~DATA~,~DATA~,~DATA~,~DATA~,~DATA~,~DATA~
~DATA~,~DATA~,~DATA~,~DATA~,~DATA~,~DATA~,~DATA~
~DATA~,~DATA~,~DATA~,~DATA~,~DATA~,~DATA~,~DATA~
~DATA~,~DATA~,~DATA~,~DATA~,~DATA~,~DATA~,~DATA~
~DATA~,~DATA~,~DATA~,~DATA~,~DATA~,~DATA~,~DATA~
~DATA~,~DATA~,~DATA~,~DATA~,~DATA~,~DATA~,~DATA~
~DATA~,~DATA~,~DATA~,~DATA~,~DATA~,~DATA~,~DATA~
~DATA~,~DATA~,~DATA~,~DATA~,~DATA~,~DATA~,~DATA~
~DATA~,~DATA~,~DATA~,~DATA~,~DATA~,~DATA~,~DATA~
~DATA~,~DATA~,~DATA~,~DATA~,~DATA~,~DATA~,~DATA~
~DATA~,~DATA~,~DATA~,~DATA~,~DATA~,~DATA~,~DATA~
~DATA~,~DATA~,~DATA~,~DATA~,~DATA~,~DATA~,~DATA~
~DATA~,~DATA~,~DATA~,~DATA~,~DATA~,~DATA~,~DATA~
~DATA~,~DATA~,~DATA~,~DATA~,~DATA~,~DATA~,~DATA~
~DATA~,~DATA~,~DATA~,~DATA~,~DATA~,~DATA~,~DATA~
~DATA~,~DATA~,~DATA~,~DATA~,~DATA~,~DATA~,~DATA~
~DATA~,~DATA~,~DATA~,~DATA~,~DATA~,~DATA~,~DATA~
~DATA~,~DATA~,~DATA~,~DATA~,~DATA~,~DATA~,~DATA~
~DATA~,~DATA~,~DATA~,~DATA~,~DATA~,~DATA~,~DATA~
~DATA~,~DATA~,~DATA~,~DATA~,~DATA~,~DATA~,~DATA~
~DATA~,~DATA~,~DATA~,~DATA~,~DATA~,~DATA~,~DATA~
~DATA~,~DATA~,~DATA~,~DATA~,~DATA~,~DATA~,~DATA~
~DATA~,~DATA~,~DATA~,~DATA~,~DATA~,~DATA~,~DATA~
~DATA~,~DATA~,~DATA~,~DATA~,~DATA~,~DATA~,~DATA~
~DATA~,~DATA~,~DATA~,~DATA~,~DATA~,~DATA~,~DATA~
~DATA~,~DATA~,~DATA~,~DATA~,~DATA~,~DATA~,~DATA~
~DATA~,~DATA~,~DATA~,~DATA~,~DATA~,~DATA~,~DATA~
~DATA~,~DATA~,~DATA~,~DATA~,~DATA~,~DATA~,~DATA~
~DATA~,~DATA~,~DATA~,~DATA~,~DATA~,~DATA~,~DATA~
~DATA~,~DATA~,~DATA~,~DATA~,~DATA~,~DATA~,~DATA~
~DATA~,~DATA~,~DATA~,~DATA~,~DATA~,~DATA~,~DATA~
~DATA~,~DATA~,~DATA~,~DATA~,~DATA~,~DATA~,~DATA~
~DATA~,~DATA~,~DATA~,~DATA~,~DATA~,~DATA~,~DATA~
~DATA~,~DATA~,~DATA~,~DATA~,~DATA~,~DATA~,~DATA~
~DATA~,~DATA~,~DATA~,~DATA~,~DATA~,~DATA~,~DATA~
~DATA~,~DATA~,~DATA~,~DATA~,~DATA~,~DATA~,~DATA~
~DATA~,~DATA~,~DATA~,~DATA~,~DATA~,~DATA~,~DATA~
~DATA~,~DATA~,~DATA~,~DATA~,~DATA~,~DATA~,~DATA~
~DATA~,~DATA~,~DATA~,~DATA~,~DATA~,~DATA~,~DATA~
~DATA~,~DATA~,~DATA~,~DATA~,~DATA~,~DATA~,~DATA~
~DATA~,~DATA~,~DATA~,~DATA~,~DATA~,~DATA~,~DATA~
~DATA~,~DATA~,~DATA~,~DATA~,~DATA~,~DATA~,~DATA~
~DATA~,~DATA~,~DATA~,~DATA~,~DATA~,~DATA~,~DATA~
~DATA~,~DATA~,~DATA~,~DATA~,~DATA~,~DATA~,~DATA~
~DATA~,~DATA~,~DATA~,~DATA~,~DATA~,~DATA~,~DATA~
~DATA~,~DATA~,~DATA~,~DATA~,~DATA~,~DATA~,~DATA~
~DATA~,~DATA~,~DATA~,~DATA~,~DATA~,~DATA~,~DATA~
~DATA~,~DATA~,~DATA~,~DATA~,~DATA~,~DATA~,~DATA~
~DATA~,~DATA~,~DATA~,~DATA~,~DATA~,~DATA~,~DATA~
~DATA~,~DATA~,~DATA~,~DATA~,~DATA~,~DATA~,~DATA~
~DATA~,~DATA~,~DATA~,~DATA~,~DATA~,~DATA~,~DATA~
~DATA~,~DATA~,~DATA~,~DATA~,~DATA~,~DATA~,~DATA~
~DATA~,~DATA~,~DATA~,~DATA~,~DATA~,~DATA~,~DATA~
~DATA~,~DATA~,~DATA~,~DATA~,~DATA~,~DATA~,~DATA~
~DATA~,~DATA~,~DATA~,~DATA~,~DATA~,~DATA~,~DATA~
~DATA~,~DATA~,~DATA~,~DATA~,~DATA~,~DATA~,~DATA~
~DATA~,~DATA~,~DATA~,~DATA~,~DATA~,~DATA~,~DATA~
~DATA~,~DATA~,~DATA~,~DATA~,~DATA~,~DATA~,~DATA~
~DATA~,~DATA~,~DATA~,~DATA~,~DATA~,~DATA~,~DATA~
~DATA~,~DATA~,~DATA~,~DATA~,~DATA~,~DATA~,~DATA~
~DATA~,~DATA~,~DATA~,~DATA~,~DATA~,~DATA~,~DATA~
~DATA~,~DATA~,~DATA~,~DATA~,~DATA~,~DATA~,~DATA~
~DATA~,~DATA~,~DATA~,~DATA~,~DATA~,~DATA~,~DATA~
~DATA~,~DATA~,~DATA~,~DATA~,~DATA~,~DATA~,~DATA~
~DATA~,~DATA~,~DATA~,~DATA~,~DATA~,~DATA~,~DATA~
~DATA~,~DATA~,~DATA~,~DATA~,~DATA~,~DATA~,~DATA~
~DATA~,~DATA~,~DATA~,~DATA~,~DATA~,~DATA~,~DATA~
~DATA~,~DATA~,~DATA~,~DATA~,~DATA~,~DATA~,~DATA~
~DATA~,~DATA~,~DATA~,~DATA~,~DATA~,~DATA~,~DATA~
~DATA~,~DATA~,~DATA~,~DATA~,~DATA~,~DATA~,~DATA~
~DATA~,~DATA~,~DATA~,~DATA~,~DATA~,~DATA~,~DATA~
~DATA~,~DATA~,~DATA~,~DATA~,~DATA~,~DATA~,~DATA~
~DATA~,~DATA~,~DATA~,~DATA~,~DATA~,~DATA~,~DATA~
~DATA~,~DATA~,~DATA~,~DATA~,~DATA~,~DATA~,~DATA~
~DATA~,~DATA~,~DATA~,~DATA~,~DATA~,~DATA~,~DATA~
~DATA~,~DATA~,~DATA~,~DATA~,~DATA~,~DATA~,~DATA~
~DATA~,~DATA~,~DATA~,~DATA~,~DATA~,~DATA~,~DATA~
~DATA~,~DATA~,~DATA~,~DATA~,~DATA~,~DATA~,~DATA~
~DATA~,~DATA~,~DATA~,~DATA~,~DATA~,~DATA~,~DATA~
~DATA~,~DATA~,~DATA~,~DATA~,~DATA~,~DATA~,~DATA~
~DATA~,~DATA~,~DATA~,~DATA~,~DATA~,~DATA~,~DATA~
~DATA~,~DATA~,~DATA~,~DATA~,~DATA~,~DATA~,~DATA~
~DATA~,~DATA~,~DATA~,~DATA~,~DATA~,~DATA~,~DATA~
~DATA~,~DATA~,~DATA~,~DATA~,~DATA~,~DATA~,~DATA~
~DATA~,~DATA~,~DATA~,~DATA~,~DATA~,~DATA~,~DATA~
~DATA~,~DATA~,~DATA~,~DATA~,~DATA~,~DATA~,~DATA~
~DATA~,~DATA~,~DATA~,~DATA~,~DATA~,~DATA~,~DATA~
~DATA~,~DATA~,~DATA~,~DATA~,~DATA~,~DATA~,~DATA~
~DATA~,~DATA~,~DATA~,~DATA~,~DATA~,~DATA~,~DATA~
~DATA~,~DATA~,~DATA~,~DATA~,~DATA~,~DATA~,~DATA~
~DATA~,~DATA~,~DATA~,~DATA~,~DATA~,~DATA~,~DATA~
~DATA~,~DATA~,~DATA~,~DATA~,~DATA~,~DATA~,~DATA~
~DATA~,~DATA~,~DATA~,~DATA~,~DATA~,~DATA~,~DATA~
~DATA~,~DATA~,~DATA~,~DATA~,~DATA~,~DATA~,~DATA~
~DATA~,~DATA~,~DATA~,~DATA~,~DATA~,~DATA~,~DATA~
~DATA~,~DATA~,~DATA~,~DATA~,~DATA~,~DATA~,~DATA~
~DATA~,~DATA~,~DATA~,~DATA~,~DATA~,~DATA~,~DATA~
~DATA~,~DATA~,~DATA~,~DATA~,~DATA~,~DATA~,~DATA~
~DATA~,~DATA~,~DATA~,~DATA~,~DATA~,~DATA~,~DATA~
~DATA~,~DATA~,~DATA~,~DATA~,~DATA~,~DATA~,~DATA~
~DATA~,~DATA~,~DATA~,~DATA~,~DATA~,~DATA~,~DATA~
~DATA~,~DATA~,~DATA~,~DATA~,~DATA~,~DATA~,~DATA~
~DATA~,~DATA~,~DATA~,~DATA~,~DATA~,~DATA~,~DATA~
~DATA~,~DATA~,~DATA~,~DATA~,~DATA~,~DATA~,~DATA~
~DATA~,~DATA~,~DATA~,~DATA~,~DATA~,~DATA~,~DATA~
~DATA~,~DATA~,~DATA~,~DATA~,~DATA~,~DATA~,~DATA~
~DATA~,~DATA~,~DATA~,~DATA~,~DATA~,~DATA~,~DATA~
~DATA~,~DATA~,~DATA~,~DATA~,~DATA~,~DATA~,~DATA~
~DATA~,~DATA~,~DATA~,~DATA~,~DATA~,~DATA~,~DATA~
~DATA~,~DATA~,~DATA~,~DATA~,~DATA~,~DATA~,~DATA~
~DATA~,~DATA~,~DATA~,~DATA~,~DATA~,~DATA~,~DATA~
~DATA~,~DATA~,~DATA~,~DATA~,~DATA~,~DATA~,~DATA~
~DATA~,~DATA~,~DATA~,~DATA~,~DATA~,~DATA~,~DATA~
~DATA~,~DATA~,~DATA~,~DATA~,~DATA~,~DATA~,~DATA~
~DATA~,~DATA~,~DATA~,~DATA~,~DATA~,~DATA~,~DATA~
~DATA~,~DATA~,~DATA~,~DATA~,~DATA~,~DATA~,~DATA~
~DATA~,~DATA~,~DATA~,~DATA~,~DATA~,~DATA~,~DATA~
~DATA~,~DATA~,~DATA~,~DATA~,~DATA~,~DATA~,~DATA~
~DATA~,~DATA~,~DATA~,~DATA~,~DATA~,~DATA~,~DATA~
~DATA~,~DATA~,~DATA~,~DATA~,~DATA~,~DATA~,~DATA~
~DATA~,~DATA~,~DATA~,~DATA~,~DATA~,~DATA~,~DATA~
~DATA~,~DATA~,~DATA~,~DATA~,~DATA~,~DATA~,~DATA~
~DATA~,~DATA~,~DATA~,~DATA~,~DATA~,~DATA~,~DATA~
~DATA~,~DATA~,~DATA~,~DATA~,~DATA~,~DATA~,~DATA~
~DATA~,~DATA~,~DATA~,~DATA~,~DATA~,~DATA~,~DATA~
~DATA~,~DATA~,~DATA~,~DATA~,~DATA~,~DATA~,~DATA~
~DATA~,~DATA~,~DATA~,~DATA~,~DATA~,~DATA~,~DATA~
~DATA~,~DATA~,~DATA~,~DATA~,~DATA~,~DATA~,~DATA~
~DATA~,~DATA~,~DATA~,~DATA~,~DATA~,~DATA~,~DATA~
~DATA~,~DATA~,~DATA~,~DATA~,~DATA~,~DATA~,~DATA~
~DATA~,~DATA~,~DATA~,~DATA~,~DATA~,~DATA~,~DATA~
~DATA~,~DATA~,~DATA~,~DATA~,~DATA~,~DATA~,~DATA~
~DATA~,~DATA~,~DATA~,~DATA~,~DATA~,~DATA~,~DATA~
~DATA~,~DATA~,~DATA~,~DATA~,~DATA~,~DATA~,~DATA~
~DATA~,~DATA~,~DATA~,~DATA~,~DATA~,~DATA~,~DATA~
~DATA~,~DATA~,~DATA~,~DATA~,~DATA~,~DATA~,~DATA~
~DATA~,~DATA~,~DATA~,~DATA~,~DATA~,~DATA~,~DATA~
~DATA~,~DATA~,~DATA~,~DATA~,~DATA~,~DATA~,~DATA~
~DATA~,~DATA~,~DATA~,~DATA~,~DATA~,~DATA~,~DATA~
~DATA~,~DATA~,~DATA~,~DATA~,~DATA~,~DATA~,~DATA~
~DATA~,~DATA~,~DATA~,~DATA~,~DATA~,~DATA~,~DATA~
~DATA~,~DATA~,~DATA~,~DATA~,~DATA~,~DATA~,~DATA~
~DATA~,~DATA~,~DATA~,~DATA~,~DATA~,~DATA~,~DATA~
~DATA~,~DATA~,~DATA~,~DATA~,~DATA~,~DATA~,~DATA~
~DATA~,~DATA~,~DATA~,~DATA~,~DATA~,~DATA~,~DATA~
~DATA~,~DATA~,~DATA~,~DATA~,~DATA~,~DATA~,~DATA~
~DATA~,~DATA~,~DATA~,~DATA~,~DATA~,~DATA~,~DATA~
~DATA~,~DATA~,~DATA~,~DATA~,~DATA~,~DATA~,~DATA~
~DATA~,~DATA~,~DATA~,~DATA~,~DATA~,~DATA~,~DATA~
~DATA~,~DATA~,~DATA~,~DATA~,~DATA~,~DATA~,~DATA~
~DATA~,~DATA~,~DATA~,~DATA~,~DATA~,~DATA~,~DATA~
~DATA~,~DATA~,~DATA~,~DATA~,~DATA~,~DATA~,~DATA~
~DATA~,~DATA~,~DATA~,~DATA~,~DATA~,~DATA~,~DATA~
~DATA~,~DATA~,~DATA~,~DATA~,~DATA~,~DATA~,~DATA~
~DATA~,~DATA~,~DATA~,~DATA~,~DATA~,~DATA~,~DATA~
~DATA~,~DATA~,~DATA~,~DATA~,~DATA~,~DATA~,~DATA~
~DATA~,~DATA~,~DATA~,~DATA~,~DATA~,~DATA~,~DATA~
~DATA~,~DATA~,~DATA~,~DATA~,~DATA~,~DATA~,~DATA~
~DATA~,~DATA~,~DATA~,~DATA~,~DATA~,~DATA~,~DATA~
~DATA~,~DATA~,~DATA~,~DATA~,~DATA~,~DATA~,~DATA~
~DATA~,~DATA~,~DATA~,~DATA~,~DATA~,~DATA~,~DATA~
~DATA~,~DATA~,~DATA~,~DATA~,~DATA~,~DATA~,~DATA~
~DATA~,~DATA~,~DATA~,~DATA~,~DATA~,~DATA~,~DATA~
~DATA~,~DATA~,~DATA~,~DATA~,~DATA~,~DATA~,~DATA~
~DATA~,~DATA~,~DATA~,~DATA~,~DATA~,~DATA~,~DATA~
~DATA~,~DATA~,~DATA~,~DATA~,~DATA~,~DATA~,~DATA~
~DATA~,~DATA~,~DATA~,~DATA~,~DATA~,~DATA~,~DATA~
~DATA~,~DATA~,~DATA~,~DATA~,~DATA~,~DATA~,~DATA~
~DATA~,~DATA~,~DATA~,~DATA~,~DATA~,~DATA~,~DATA~
~DATA~,~DATA~,~DATA~,~DATA~,~DATA~,~DATA~,~DATA~
~DATA~,~DATA~,~DATA~,~DATA~,~DATA~,~DATA~,~DATA~
~DATA~,~DATA~,~DATA~,~DATA~,~DATA~,~DATA~,~DATA~
~DATA~,~DATA~,~DATA~,~DATA~,~DATA~,~DATA~,~DATA~
~DATA~,~DATA~,~DATA~,~DATA~,~DATA~,~DATA~,~DATA~
~DATA~,~DATA~,~DATA~,~DATA~,~DATA~,~DATA~,~DATA~
~DATA~,~DATA~,~DATA~,~DATA~,~DATA~,~DATA~,~DATA~
~DATA~,~DATA~,~DATA~,~DATA~,~DATA~,~DATA~,~DATA~
~DATA~,~DATA~,~DATA~,~DATA~,~DATA~,~DATA~,~DATA~
~DATA~,~DATA~,~DATA~,~DATA~,~DATA~,~DATA~,~DATA~
~DATA~,~DATA~,~DATA~,~DATA~,~DATA~,~DATA~,~DATA~
~DATA~,~DATA~,~DATA~,~DATA~,~DATA~,~DATA~,~DATA~
~DATA~,~DATA~,~DATA~,~DATA~,~DATA~,~DATA~,~DATA~
~DATA~,~DATA~,~DATA~,~DATA~,~DATA~,~DATA~,~DATA~
~DATA~,~DATA~,~DATA~,~DATA~,~DATA~,~DATA~,~DATA~
~DATA~,~DATA~,~DATA~,~DATA~,~DATA~,~DATA~,~DATA~
~DATA~,~DATA~,~DATA~,~DATA~,~DATA~,~DATA~,~DATA~
~DATA~,~DATA~,~DATA~,~DATA~,~DATA~,~DATA~,~DATA~
~DATA~,~DATA~,~DATA~,~DATA~,~DATA~,~DATA~,~DATA~
~DATA~,~DATA~,~DATA~,~DATA~,~DATA~,~DATA~,~DATA~
~DATA~,~DATA~,~DATA~,~DATA~,~DATA~,~DATA~,~DATA~
~DATA~,~DATA~,~DATA~,~DATA~,~DATA~,~DATA~,~DATA~
~DATA~,~DATA~,~DATA~,~DATA~,~DATA~,~DATA~,~DATA~
~DATA~,~DATA~,~DATA~,~DATA~,~DATA~,~DATA~,~DATA~
~DATA~,~DATA~,~DATA~,~DATA~,~DATA~,~DATA~,~DATA~
~DATA~,~DATA~,~DATA~,~DATA~,~DATA~,~DATA~,~DATA~
~DATA~,~DATA~,~DATA~,~DATA~,~DATA~,~DATA~,~DATA~
~DATA~,~DATA~,~DATA~,~DATA~,~DATA~,~DATA~,~DATA~
~DATA~,~DATA~,~DATA~,~DATA~,~DATA~,~DATA~,~DATA~
~DATA~,~DATA~,~DATA~,~DATA~,~DATA~,~DATA~,~DATA~
~DATA~,~DATA~,~DATA~,~DATA~,~DATA~,~DATA~,~DATA~
~DATA~,~DATA~,~DATA~,~DATA~,~DATA~,~DATA~,~DATA~
~DATA~,~DATA~,~DATA~,~DATA~,~DATA~,~DATA~,~DATA~
~DATA~,~DATA~,~DATA~,~DATA~,~DATA~,~DATA~,~DATA~
~DATA~,~DATA~,~DATA~,~DATA~,~DATA~,~DATA~,~DATA~
~DATA~,~DATA~,~DATA~,~DATA~,~DATA~,~DATA~,~DATA~
~DATA~,~DATA~,~DATA~,~DATA~,~DATA~,~DATA~,~DATA~
~DATA~,~DATA~,~DATA~,~DATA~,~DATA~,~DATA~,~DATA~
~DATA~,~DATA~,~DATA~,~DATA~,~DATA~,~DATA~,~DATA~
~DATA~,~DATA~,~DATA~,~DATA~,~DATA~,~DATA~,~DATA~
~DATA~,~DATA~,~DATA~,~DATA~,~DATA~,~DATA~,~DATA~
~DATA~,~DATA~,~DATA~,~DATA~,~DATA~,~DATA~,~DATA~
~DATA~,~DATA~,~DATA~,~DATA~,~DATA~,~DATA~,~DATA~
~DATA~,~DATA~,~DATA~,~DATA~,~DATA~,~DATA~,~DATA~
~DATA~,~DATA~,~DATA~,~DATA~,~DATA~,~DATA~,~DATA~
~DATA~,~DATA~,~DATA~,~DATA~,~DATA~,~DATA~,~DATA~
~DATA~,~DATA~,~DATA~,~DATA~,~DATA~,~DATA~,~DATA~
~DATA~,~DATA~,~DATA~,~DATA~,~DATA~,~DATA~,~DATA~
~DATA~,~DATA~,~DATA~,~DATA~,~DATA~,~DATA~,~DATA~
~DATA~,~DATA~,~DATA~,~DATA~,~DATA~,~DATA~,~DATA~
~DATA~,~DATA~,~DATA~,~DATA~,~DATA~,~DATA~,~DATA~
~DATA~,~DATA~,~DATA~,~DATA~,~DATA~,~DATA~,~DATA~
~DATA~,~DATA~,~DATA~,~DATA~,~DATA~,~DATA~,~DATA~
~DATA~,~DATA~,~DATA~,~DATA~,~DATA~,~DATA~,~DATA~
~DATA~,~DATA~,~DATA~,~DATA~,~DATA~,~DATA~,~DATA~
~DATA~,~DATA~,~DATA~,~DATA~,~DATA~,~DATA~,~DATA~
~DATA~,~DATA~,~DATA~,~DATA~,~DATA~,~DATA~,~DATA~
~DATA~,~DATA~,~DATA~,~DATA~,~DATA~,~DATA~,~DATA~
~DATA~,~DATA~,~DATA~,~DATA~,~DATA~,~DATA~,~DATA~
~DATA~,~DATA~,~DATA~,~DATA~,~DATA~,~DATA~,~DATA~
~DATA~,~DATA~,~DATA~,~DATA~,~DATA~,~DATA~,~DATA~
~DATA~,~DATA~,~DATA~,~DATA~,~DATA~,~DATA~,~DATA~
~DATA~,~DATA~,~DATA~,~DATA~,~DATA~,~DATA~,~DATA~
~DATA~,~DATA~,~DATA~,~DATA~,~DATA~,~DATA~,~DATA~
~DATA~,~DATA~,~DATA~,~DATA~,~DATA~,~DATA~,~DATA~
~DATA~,~DATA~,~DATA~,~DATA~,~DATA~,~DATA~,~DATA~
~DATA~,~DATA~,~DATA~,~DATA~,~DATA~,~DATA~,~DATA~
~DATA~,~DATA~,~DATA~,~DATA~,~DATA~,~DATA~,~DATA~
~DATA~,~DATA~,~DATA~,~DATA~,~DATA~,~DATA~,~DATA~
~DATA~,~DATA~,~DATA~,~DATA~,~DATA~,~DATA~,~DATA~
~DATA~,~DATA~,~DATA~,~DATA~,~DATA~,~DATA~,~DATA~
~DATA~,~DATA~,~DATA~,~DATA~,~DATA~,~DATA~,~DATA~
~DATA~,~DATA~,~DATA~,~DATA~,~DATA~,~DATA~,~DATA~
~DATA~,~DATA~,~DATA~,~DATA~,~DATA~,~DATA~,~DATA~
~DATA~,~DATA~,~DATA~,~DATA~,~DATA~,~DATA~,~DATA~
~DATA~,~DATA~,~DATA~,~DATA~,~DATA~,~DATA~,~DATA~
~DATA~,~DATA~,~DATA~,~DATA~,~DATA~,~DATA~,~DATA~
~DATA~,~DATA~,~DATA~,~DATA~,~DATA~,~DATA~,~DATA~
~DATA~,~DATA~,~DATA~,~DATA~,~DATA~,~DATA~,~DATA~
~DATA~,~DATA~,~DATA~,~DATA~,~DATA~,~DATA~,~DATA~
~DATA~,~DATA~,~DATA~,~DATA~,~DATA~,~DATA~,~DATA~
~DATA~,~DATA~,~DATA~,~DATA~,~DATA~,~DATA~,~DATA~
~DATA~,~DATA~,~DATA~,~DATA~,~DATA~,~DATA~,~DATA~
~DATA~,~DATA~,~DATA~,~DATA~,~DATA~,~DATA~,~DATA~
~DATA~,~DATA~,~DATA~,~DATA~,~DATA~,~DATA~,~DATA~
~DATA~,~DATA~,~DATA~,~DATA~,~DATA~,~DATA~,~DATA~
~DATA~,~DATA~,~DATA~,~DATA~,~DATA~,~DATA~,~DATA~
~DATA~,~DATA~,~DATA~,~DATA~,~DATA~,~DATA~,~DATA~
~DATA~,~DATA~,~DATA~,~DATA~,~DATA~,~DATA~,~DATA~
~DATA~,~DATA~,~DATA~,~DATA~,~DATA~,~DATA~,~DATA~
~DATA~,~DATA~,~DATA~,~DATA~,~DATA~,~DATA~,~DATA~
~DATA~,~DATA~,~DATA~,~DATA~,~DATA~,~DATA~,~DATA~
~DATA~,~DATA~,~DATA~,~DATA~,~DATA~,~DATA~,~DATA~
~DATA~,~DATA~,~DATA~,~DATA~,~DATA~,~DATA~,~DATA~
~DATA~,~DATA~,~DATA~,~DATA~,~DATA~,~DATA~,~DATA~
~DATA~,~DATA~,~DATA~,~DATA~,~DATA~,~DATA~,~DATA~
~DATA~,~DATA~,~DATA~,~DATA~,~DATA~,~DATA~,~DATA~
~DATA~,~DATA~,~DATA~,~DATA~,~DATA~,~DATA~,~DATA~
~DATA~,~DATA~,~DATA~,~DATA~,~DATA~,~DATA~,~DATA~
